Reaction,Substrate,Catalyst,Solvent,Solvent code,Temperature,ee,DDG,Paper
0,CC(C)(C)/C=N/C(C1=CC=CC=C1)C2=CC=CC=C2,CN(C)C([C@@H](C(C)(C)C)NC(NC1=CC(C(F)(F)F)=CC(C(F)(F)F)=C1)=S)=O,toluene,0,-30.00,14,0.569810209,Nature 2009
1,C(C1=CC=CC=C1)(C2=CC=CC=C2)/N=C/C3=CC=CC=C3,CN(C)C([C@@H](C(C)(C)C)NC(NC1=CC(C(F)(F)F)=CC(C(F)(F)F)=C1)=S)=O,toluene,0,-30.00,41,1.761324871,Nature 2009
2,CC(C)(C)/C=N/C(C1=CC=CC=C1)C2=CC=CC=C2,CN(C([C@@H](C(C)(C)C)NC(NC1=CC(C(F)(F)F)=CC(C(F)(F)F)=C1)=S)=O)CC2=CC=CC=C2,toluene,0,-30.00,30,1.251493414,Nature 2009
3,C(C1=CC=CC=C1)(C2=CC=CC=C2)/N=C/C3=CC=CC=C3,CN(C([C@@H](C(C)(C)C)NC(NC1=CC(C(F)(F)F)=CC(C(F)(F)F)=C1)=S)=O)CC2=CC=CC=C2,toluene,0,-30.00,86,5.229433992,Nature 2009
4,CC(C)(C)/C=N/C(C1=CC=CC=C1)C2=CC=CC=C2,CN(C([C@@H](C(C)(C)C)NC(NC1=CC(C(F)(F)F)=CC(C(F)(F)F)=C1)=S)=O)[C@@H](C)C2=CC=CC=C2,toluene,0,-30.00,58,2.678562858,Nature 2009
5,C(C1=CC=CC=C1)(C2=CC=CC=C2)/N=C/C3=CC=CC=C3,CN(C([C@@H](C(C)(C)C)NC(NC1=CC(C(F)(F)F)=CC(C(F)(F)F)=C1)=S)=O)[C@@H](C)C2=CC=CC=C2,toluene,0,-30.00,90,5.952685939,Nature 2009
6,CC(C)(C)/C=N/C(C1=CC=CC=C1)C2=CC=CC=C2,CN(C([C@@H](C(C)(C)C)NC(NC1=CC(C(F)(F)F)=CC(C(F)(F)F)=C1)=S)=O)[C@H](C)C2=CC=CC=C2,toluene,0,-30.00,77,4.125533416,Nature 2009
7,C(C1=CC=CC=C1)(C2=CC=CC=C2)/N=C/C3=CC=CC=C3,CN(C([C@@H](C(C)(C)C)NC(NC1=CC(C(F)(F)F)=CC(C(F)(F)F)=C1)=S)=O)[C@H](C)C2=CC=CC=C2,toluene,0,-30.00,97,8.459865801,Nature 2009
8,CC(C)(C)/C=N/C(C1=CC=CC=C1)C2=CC=CC=C2,CN(C([C@@H](C(C)(C)C)NC(NC1=CC(C(F)(F)F)=CC(C(F)(F)F)=C1)=S)=O)C(C2=CC=CC=C2)C3=CC=CC=C3,toluene,0,-30.00,93,6.705436942,Nature 2009
9,CCC(CC)(C)/C=N/C(C1=CC=CC=C1)C2=CC=CC=C2,CN(C([C@@H](C(C)(C)C)NC(NC1=CC(C(F)(F)F)=CC(C(F)(F)F)=C1)=S)=O)C(C2=CC=CC=C2)C3=CC=CC=C3,toluene,0,-30.00,96,7.867978969,Nature 2009
10,CC(C)(C1=CC=CC=C1)/C=N/C(C2=CC=CC=C2)C3=CC=CC=C3,CN(C([C@@H](C(C)(C)C)NC(NC1=CC(C(F)(F)F)=CC(C(F)(F)F)=C1)=S)=O)C(C2=CC=CC=C2)C3=CC=CC=C3,toluene,0,-30.00,85,5.079054607,Nature 2009
11,CC1(CCCCC1)/C=N/C(C2=CC=CC=C2)C3=CC=CC=C3,CN(C([C@@H](C(C)(C)C)NC(NC1=CC(C(F)(F)F)=CC(C(F)(F)F)=C1)=S)=O)C(C2=CC=CC=C2)C3=CC=CC=C3,toluene,0,-30.00,95,7.406515146,Nature 2009
12,C(C1=CC=CC=C1)(C2=CC=CC=C2)/N=C/C34C[C@H]5C[C@@H](C3)C[C@@H](C4)C5,CN(C([C@@H](C(C)(C)C)NC(NC1=CC(C(F)(F)F)=CC(C(F)(F)F)=C1)=S)=O)C(C2=CC=CC=C2)C3=CC=CC=C3,toluene,0,-30.00,93,6.705436942,Nature 2009
13,C(C1=CC=CC=C1)(C2=CC=CC=C2)/N=C/C3CCCCC3,CN(C([C@@H](C(C)(C)C)NC(NC1=CC(C(F)(F)F)=CC(C(F)(F)F)=C1)=S)=O)C(C2=CC=CC=C2)C3=CC=CC=C3,toluene,0,-30.00,74,3.843112582,Nature 2009
14,COC(C=C1)=CC=C1/C=N/C(C2=CC=CC=C2)C3=CC=CC=C3,CN(C([C@@H](C(C)(C)C)NC(NC1=CC(C(F)(F)F)=CC(C(F)(F)F)=C1)=S)=O)C(C2=CC=CC=C2)C3=CC=CC=C3,toluene,0,-30.00,99,10.701319140,Nature 2009
15,CC(C=C1)=CC=C1/C=N/C(C2=CC=CC=C2)C3=CC=CC=C3,CN(C([C@@H](C(C)(C)C)NC(NC1=CC(C(F)(F)F)=CC(C(F)(F)F)=C1)=S)=O)C(C2=CC=CC=C2)C3=CC=CC=C3,toluene,0,-30.00,98,9.289819049,Nature 2009
16,C(C1=CC=CC=C1)(C2=CC=CC=C2)/N=C/C3=CC=CC=C3,CN(C([C@@H](C(C)(C)C)NC(NC1=CC(C(F)(F)F)=CC(C(F)(F)F)=C1)=S)=O)C(C2=CC=CC=C2)C3=CC=CC=C3,toluene,0,-30.00,98,9.289819049,Nature 2009
17,ClC(C=C1)=CC=C1/C=N/C(C2=CC=CC=C2)C3=CC=CC=C3,CN(C([C@@H](C(C)(C)C)NC(NC1=CC(C(F)(F)F)=CC(C(F)(F)F)=C1)=S)=O)C(C2=CC=CC=C2)C3=CC=CC=C3,toluene,0,-30.00,98,9.289819049,Nature 2009
18,FC(C(C=C1)=CC=C1/C=N/C(C2=CC=CC=C2)C3=CC=CC=C3)(F)F,CN(C([C@@H](C(C)(C)C)NC(NC1=CC(C(F)(F)F)=CC(C(F)(F)F)=C1)=S)=O)C(C2=CC=CC=C2)C3=CC=CC=C3,toluene,0,-30.00,96,7.867978969,Nature 2009
19,N#CC(C=C1)=CC=C1/C=N/C(C2=CC=CC=C2)C3=CC=CC=C3,CN(C([C@@H](C(C)(C)C)NC(NC1=CC(C(F)(F)F)=CC(C(F)(F)F)=C1)=S)=O)C(C2=CC=CC=C2)C3=CC=CC=C3,toluene,0,-30.00,93,6.705436942,Nature 2009
20,BrC(C=C1)=CC=C1/C=N/C(C2=CC=CC=C2)C3=CC=CC=C3,CN(C([C@@H](C(C)(C)C)NC(NC1=CC(C(F)(F)F)=CC(C(F)(F)F)=C1)=S)=O)C(C2=CC=CC=C2)C3=CC=CC=C3,toluene,0,-30.00,99,10.701319140,Nature 2009
21,COC(C=CC=C1)=C1/C=N/C(C2=CC=CC=C2)C3=CC=CC=C3,CN(C([C@@H](C(C)(C)C)NC(NC1=CC(C(F)(F)F)=CC(C(F)(F)F)=C1)=S)=O)C(C2=CC=CC=C2)C3=CC=CC=C3,toluene,0,-30.00,88,5.562698254,Nature 2009
22,BrC(C=CC=C1)=C1/C=N/C(C2=CC=CC=C2)C3=CC=CC=C3,CN(C([C@@H](C(C)(C)C)NC(NC1=CC(C(F)(F)F)=CC(C(F)(F)F)=C1)=S)=O)C(C2=CC=CC=C2)C3=CC=CC=C3,toluene,0,-30.00,97,8.459865801,Nature 2009
23,BrC1=CC=CC(/C=N/C(C2=CC=CC=C2)C3=CC=CC=C3)=C1,CN(C([C@@H](C(C)(C)C)NC(NC1=CC(C(F)(F)F)=CC(C(F)(F)F)=C1)=S)=O)C(C2=CC=CC=C2)C3=CC=CC=C3,toluene,0,-30.00,92,6.424978232,Nature 2009
24,C(C1=CC=CC=C1)(C2=CC=CC=C2)/N=C/C3=CC=CO3,CN(C([C@@H](C(C)(C)C)NC(NC1=CC(C(F)(F)F)=CC(C(F)(F)F)=C1)=S)=O)C(C2=CC=CC=C2)C3=CC=CC=C3,toluene,0,-30.00,93,6.705436942,Nature 2009
25,C(C1=CC=CC=C1)(C2=CC=CC=C2)/N=C/C3=COC=C3,CN(C([C@@H](C(C)(C)C)NC(NC1=CC(C(F)(F)F)=CC(C(F)(F)F)=C1)=S)=O)C(C2=CC=CC=C2)C3=CC=CC=C3,toluene,0,-30.00,97,8.459865801,Nature 2009
26,C(C1=CC=CC=C1)(C2=CC=CC=C2)/N=C/C3=CC=CS3,CN(C([C@@H](C(C)(C)C)NC(NC1=CC(C(F)(F)F)=CC(C(F)(F)F)=C1)=S)=O)C(C2=CC=CC=C2)C3=CC=CC=C3,toluene,0,-30.00,95,7.406515146,Nature 2009
27,C(C1=CC=CC=C1)(C2=CC=CC=C2)/N=C/C3=CCCCC3,CN(C([C@@H](C(C)(C)C)NC(NC1=CC(C(F)(F)F)=CC(C(F)(F)F)=C1)=S)=O)C(C2=CC=CC=C2)C3=CC=CC=C3,toluene,0,-30.00,95,7.406515146,Nature 2009
28,CC/C=C(C)/C=N/C(C1=CC=CC=C1)C2=CC=CC=C2,CN(C([C@@H](C(C)(C)C)NC(NC1=CC(C(F)(F)F)=CC(C(F)(F)F)=C1)=S)=O)C(C2=CC=CC=C2)C3=CC=CC=C3,toluene,0,-30.00,91,6.176302672,Nature 2009
29,C(C1=CC=CC=C1)(C2=CC=CC=C2)/N=C/C=C/C3=CC=CC=C3,CN(C([C@@H](C(C)(C)C)NC(NC1=CC(C(F)(F)F)=CC(C(F)(F)F)=C1)=S)=O)C(C2=CC=CC=C2)C3=CC=CC=C3,toluene,0,-30.00,95,7.406515146,Nature 2009
30,CCC/C=C/C=N/C(C1=CC=CC=C1)C2=CC=CC=C2,CN(C([C@@H](C(C)(C)C)NC(NC1=CC(C(F)(F)F)=CC(C(F)(F)F)=C1)=S)=O)C(C2=CC=CC=C2)C3=CC=CC=C3,toluene,0,-30.00,73,3.755161755,Nature 2009
31,C=CC/N=C(C)/C1=CC=CC=C1,O=C([C@@H](C(C)(C)C)NC(N[C@@H]1[C@@H](/N=C/C2=C(O)C(C(C)(C)C)=CC(OC(C(C)(C)C)=O)=C2)CCCC1)=O)NCC3=CC=CC=C3,toluene,0,-75.00,85,4.139069177,ORGLETT 2000
32,C=CC/N=C(CC)/C1=CC=CC=C1,O=C([C@@H](C(C)(C)C)NC(N[C@@H]1[C@@H](/N=C/C2=C(O)C(C(C)(C)C)=CC(OC(C(C)(C)C)=O)=C2)CCCC1)=O)NCC3=CC=CC=C3,toluene,0,-75.00,69,2.794045037,ORGLETT 2000
33,C=CC/N=C(C)/C1=CC(C=CC=C2)=C2C=C1,O=C([C@@H](C(C)(C)C)NC(N[C@@H]1[C@@H](/N=C/C2=C(O)C(C(C)(C)C)=CC(OC(C(C)(C)C)=O)=C2)CCCC1)=O)NCC3=CC=CC=C3,toluene,0,-75.00,89,4.685297432,ORGLETT 2000
34,C=CC/N=C(C)/CCC1=CC=CC=C1,O=C([C@@H](C(C)(C)C)NC(N[C@@H]1[C@@H](/N=C/C2=C(O)C(C(C)(C)C)=CC(OC(C(C)(C)C)=O)=C2)CCCC1)=O)NCC3=CC=CC=C3,toluene,0,-75.00,41,1.435354815,ORGLETT 2000
35,C/C(C1=CC=CC=C1)=N\CC2=CC=CC=C2,O=C([C@@H](C(C)(C)C)NC(N[C@@H]1[C@@H](/N=C/C2=C(O)C(C(C)(C)C)=CC(OC(C(C)(C)C)=O)=C2)CCCC1)=O)NCC3=CC=CC=C3,toluene,0,-75.00,90,4.851016733,ORGLETT 2000
36,C/C(C1=CC=C(C)C=C1)=N\CC2=CC=CC=C2,O=C([C@@H](C(C)(C)C)NC(N[C@@H]1[C@@H](/N=C/C2=C(O)C(C(C)(C)C)=CC(OC(C(C)(C)C)=O)=C2)CCCC1)=O)NCC3=CC=CC=C3,toluene,0,-75.00,91,5.033248507,ORGLETT 2000
37,C/C(C1=CC=C(Br)C=C1)=N\CC2=CC=CC=C2,O=C([C@@H](C(C)(C)C)NC(N[C@@H]1[C@@H](/N=C/C2=C(O)C(C(C)(C)C)=CC(OC(C(C)(C)C)=O)=C2)CCCC1)=O)NCC3=CC=CC=C3,toluene,0,-75.00,93,5.464455398,ORGLETT 2000
38,C/C(C1=CC=C([N+]([O-])=O)C=C1)=N\CC2=CC=CC=C2,O=C([C@@H](C(C)(C)C)NC(N[C@@H]1[C@@H](/N=C/C2=C(O)C(C(C)(C)C)=CC(OC(C(C)(C)C)=O)=C2)CCCC1)=O)NCC3=CC=CC=C3,toluene,0,-75.00,93,5.464455398,ORGLETT 2000
39,C/C(C1=CC=C(OC)C=C1)=N\CC2=CC=CC=C2,O=C([C@@H](C(C)(C)C)NC(N[C@@H]1[C@@H](/N=C/C2=C(O)C(C(C)(C)C)=CC(OC(C(C)(C)C)=O)=C2)CCCC1)=O)NCC3=CC=CC=C3,toluene,0,-75.00,88,4.533204437,ORGLETT 2000
40,C/C(C1=CC=C(C(F)(F)F)C=C1)=N\CC2=CC=CC=C2,O=C([C@@H](C(C)(C)C)NC(N[C@@H]1[C@@H](/N=C/C2=C(O)C(C(C)(C)C)=CC(OC(C(C)(C)C)=O)=C2)CCCC1)=O)NCC3=CC=CC=C3,toluene,0,-75.00,95,6.035784397,ORGLETT 2000
41,C/C(C1=CC(Br)=CC=C1)=N\CC2=CC=CC=C2,O=C([C@@H](C(C)(C)C)NC(N[C@@H]1[C@@H](/N=C/C2=C(O)C(C(C)(C)C)=CC(OC(C(C)(C)C)=O)=C2)CCCC1)=O)NCC3=CC=CC=C3,toluene,0,-75.00,91,5.033248507,ORGLETT 2000
42,C/C(C1=C(Br)C=CC=C1)=N\CC2=CC=CC=C2,O=C([C@@H](C(C)(C)C)NC(N[C@@H]1[C@@H](/N=C/C2=C(O)C(C(C)(C)C)=CC(OC(C(C)(C)C)=O)=C2)CCCC1)=O)NCC3=CC=CC=C3,toluene,0,-75.00,42,1.475161491,ORGLETT 2000
43,C/C(C(C)(C)C)=N\CC1=CC=CC=C1,O=C([C@@H](C(C)(C)C)NC(N[C@@H]1[C@@H](/N=C/C2=C(O)C(C(C)(C)C)=CC(OC(C(C)(C)C)=O)=C2)CCCC1)=O)NCC3=CC=CC=C3,toluene,0,-75.00,70,2.857786765,ORGLETT 2000
44,C/C(C1=CC=CC=C1)=N\CC2=CC=C(OC)C=C2,O=C([C@@H](C(C)(C)C)NC(N[C@@H]1[C@@H](/N=C/C2=C(O)C(C(C)(C)C)=CC(OC(C(C)(C)C)=O)=C2)CCCC1)=O)NCC3=CC=CC=C3,toluene,0,-75.00,93,5.464455398,ORGLETT 2000
45,C/C(C1=CC=CC=C1)=N\CC2=CC=C(C(F)(F)F)C=C2,O=C([C@@H](C(C)(C)C)NC(N[C@@H]1[C@@H](/N=C/C2=C(O)C(C(C)(C)C)=CC(OC(C(C)(C)C)=O)=C2)CCCC1)=O)NCC3=CC=CC=C3,toluene,0,-75.00,92,5.235901447,ORGLETT 2000
46,C/C(C1=CC=CC=C1)=N\CC2=CC=C(C(C)(C)C)C=C2,O=C([C@@H](C(C)(C)C)NC(N[C@@H]1[C@@H](/N=C/C2=C(O)C(C(C)(C)C)=CC(OC(C(C)(C)C)=O)=C2)CCCC1)=O)NCC3=CC=CC=C3,toluene,0,-75.00,89,4.685297432,ORGLETT 2000
47,C/C(C1=CC=CC=C1)=N\CC2=CC=C(Br)C=C2,O=C([C@@H](C(C)(C)C)NC(N[C@@H]1[C@@H](/N=C/C2=C(O)C(C(C)(C)C)=CC(OC(C(C)(C)C)=O)=C2)CCCC1)=O)NCC3=CC=CC=C3,toluene,0,-75.00,92,5.235901447,ORGLETT 2000
48,C(C1=CC=CC=C1)(C2=CC=CC=C2)/N=C/C3=CC=CC=C3,CN(C([C@@H](C(C)(C)C)NC(NC1=CC(C(F)(F)F)=CC(C(F)(F)F)=C1)=O)=O)C(C2=CC=CC=C2)C3=CC=CC=C3,toluene,0,-30.00,93,6.705436942,JACS 2009
49,COC(C=C1)=CC=C1/C=N/C(C2=CC=CC=C2)C3=CC=CC=C3,CN(C([C@@H](C(C)(C)C)NC(NC1=CC(C(F)(F)F)=CC(C(F)(F)F)=C1)=O)=O)C(C2=CC=CC=C2)C3=CC=CC=C3,toluene,0,-30.00,96,7.867978969,JACS 2009
50,FC(C(C=C1)=CC=C1/C=N/C(C2=CC=CC=C2)C3=CC=CC=C3)(F)F,CN(C([C@@H](C(C)(C)C)NC(NC1=CC(C(F)(F)F)=CC(C(F)(F)F)=C1)=O)=O)C(C2=CC=CC=C2)C3=CC=CC=C3,toluene,0,-30.00,92,6.424978232,JACS 2009
51,CC(C)(C)/C=N/C(C1=CC=CC=C1)C2=CC=CC=C2,CN(C([C@@H](C(C)(C)C)NC(NC1=CC(C(F)(F)F)=CC(C(F)(F)F)=C1)=S)=O)C(C2=CC=CC=C2)C3=CC=CC=C3,toluene,0,-30.00,97,8.003605361,JACS 2009
52,CC(C)(C)/C=N/C(C1=CC=CC=C1)C2=CC=CC=C2,CN(C([C@@H](C(C)(C)C)NC(NC1=CC(C(F)(F)F)=CC(C(F)(F)F)=C1)=S)=O)C(C2=CC=CC=C2)C3=CC=CC=C3,toluene,0,-30.00,96,7.570726236,JACS 2009
53,CC(C)(C)/C=N/C(C1=CC=CC=C1)C2=CC=CC=C2,CN(C([C@@H](C(C)(C)C)NC(NC1=CC(C(F)(F)F)=CC(C(F)(F)F)=C1)=O)=O)C(C2=CC=CC=C2)C3=CC=CC=C3,toluene,0,-30.00,86,5.169871465,JACS 2009
54,CC(C)(C)/C=N/C(C1=CC=CC=C1)C2=CC=CC=C2,CN(C([C@@H](C(C)(C)C)NC(NC1=CC(C(F)(F)F)=CC(C(F)(F)F)=C1)=O)=O)C(C2=CC=CC=C2)C3=CC=CC=C3,toluene,0,-30.00,85,5.122300548,JACS 2009
55,CC(C)(C)/C=N/C(C1=CC=CC=C1)C2=CC=CC=C2,CN(C([C@@H](C(C)(C)C)NC(NC1=CC(C(F)(F)F)=CC(C(F)(F)F)=C1)=S)=O)[C@H](C)C2=CC=CC=C2,toluene,0,-30.00,70,3.479253357,JACS 2009
56,CC(C)(C)/C=N/C(C1=CC=CC=C1)C2=CC=CC=C2,CN(C([C@@H](C(C)(C)C)NC(NC1=CC(C(F)(F)F)=CC(C(F)(F)F)=C1)=S)=O)[C@H](C)C2=CC=CC=C2,toluene,0,-30.00,69,3.409343311,JACS 2009
57,CC(C)(C)/C=N/C(C1=CC=CC=C1)C2=CC=CC=C2,CN(C([C@@H](C(C)(C)C)NC(NC1=CC(C(F)(F)F)=CC(C(F)(F)F)=C1)=S)=O)[C@@H](C)C2=CC=CC=C2,toluene,0,-30.00,29,1.199511484,JACS 2009
58,CC(C)(C)/C=N/C(C1=CC=CC=C1)C2=CC=CC=C2,CN(C([C@@H](C(C)(C)C)NC(NC1=CC(C(F)(F)F)=CC(C(F)(F)F)=C1)=S)=O)[C@@H](C)C2=CC=CC=C2,toluene,0,-30.00,28,1.188311064,JACS 2009
59,CC(C)(C)/C=N/C(C1=CC=CC=C1)C2=CC=CC=C2,CN(C([C@@H](C(C)(C)C)NC(NC1=CC(C(F)(F)F)=CC(C(F)(F)F)=C1)=S)=O)C(C)C,toluene,0,-30.00,-8,0.328559754,JACS 2009
60,CC(C)(C)/C=N/C(C1=CC=CC=C1)C2=CC=CC=C2,CN(C([C@@H](C(C)(C)C)NC(NC1=CC(C(F)(F)F)=CC(C(F)(F)F)=C1)=S)=O)C(C)C,toluene,0,-30.00,-9,0.376697044,JACS 2009
61,CC(C)(C)/C=N/C(C1=CC=CC=C1)C2=CC=CC=C2,CN(C)C([C@@H](C(C)(C)C)NC(NC1=CC(C(F)(F)F)=CC(C(F)(F)F)=C1)=S)=O,toluene,0,-30.00,71,3.612213867,JACS 2009
62,CC(C)(C)/C=N/C(C1=CC=CC=C1)C2=CC=CC=C2,CN(C)C([C@@H](C(C)(C)C)NC(NC1=CC(C(F)(F)F)=CC(C(F)(F)F)=C1)=S)=O,toluene,0,-30.00,71,3.632430742,JACS 2009
63,CC(C)(C)/C=N/C(C1=CC=CC=C1)C2=CC=CC=C2,O=C([C@@H](C(C)(C)C)NC(NC1=CC=CC=C1)=S)NC(C2=CC=CC=C2)C3=CC=CC=C3,toluene,0,-30.00,29,1.221727869,JACS 2009
64,CC(C)(C)/C=N/C(C1=CC=CC=C1)C2=CC=CC=C2,O=C([C@@H](C(C)(C)C)NC(NC1=CC=CC=C1)=S)NC(C2=CC=CC=C2)C3=CC=CC=C3,toluene,0,-30.00,27,1.108120978,JACS 2009
65,CC(C)(C)/C=N/C(C1=CC=CC=C1)C2=CC=CC=C2,O=C([C@H](C)NC(NC1=CC=CC=C1)=S)N(C)C(C2=CC=CC=C2)C3=CC=CC=C3,toluene,0,-30.00,92,6.441755679,JACS 2009
66,CC(C)(C)/C=N/C(C1=CC=CC=C1)C2=CC=CC=C2,O=C([C@H](C)NC(NC1=CC=CC=C1)=S)N(C)C(C2=CC=CC=C2)C3=CC=CC=C3,toluene,0,-30.00,91,6.390999774,JACS 2009
67,CC(C)(C)/C=N/C(C1=CC=CC=C1)C2=CC=CC=C2,CN(C([C@@H](C(C)(C)C)NC(NC1=CC=CC=C1)=S)=O)C(C2=CC=CC=C2)C3=CC=CC=C3,toluene,0,-30.00,93,6.700192657,JACS 2009
68,CC(C)(C)/C=N/C(C1=CC=CC=C1)C2=CC=CC=C2,CN(C([C@@H](C(C)(C)C)NC(NC1=CC=CC=C1)=S)=O)C(C2=CC=CC=C2)C3=CC=CC=C3,toluene,0,-30.00,95,7.255895571,JACS 2009
69,CC(C)(C)/C=N/C(C1=CC=CC=C1)C2=CC=CC=C2,CN(C([C@@H](C(C)(C)C)NC(NC1CCCCC1)=S)=O)C(C2=CC=CC=C2)C3=CC=CC=C3,toluene,0,-30.00,96,7.796593772,JACS 2009
70,CC(C)(C)/C=N/C(C1=CC=CC=C1)C2=CC=CC=C2,CN(C([C@@H](C(C)(C)C)NC(NC1CCCCC1)=S)=O)C(C2=CC=CC=C2)C3=CC=CC=C3,toluene,0,-30.00,97,7.900719291,JACS 2009
71,C=CC/N=C/C1=CC=CC=C1,O=C([C@H](C(C)(C)C)NC(N[C@H]1[C@H](/N=C/C2=C(O)C(C(C)(C)C)=CC(OC)=C2)CCCC1)=S)NCC3=CC=CC=C3,toluene,0,-78.00,91,4.957044896,JACS 1998
72,C=CC/N=C/C1=CC=C(OC)C=C1,O=C([C@H](C(C)(C)C)NC(N[C@H]1[C@H](/N=C/C2=C(O)C(C(C)(C)C)=CC(OC)=C2)CCCC1)=S)NCC3=CC=CC=C3,toluene,0,-78.00,70,2.814519744,JACS 1998
73,C=CC/N=C/C1=CC=C(Br)C=C1,O=C([C@H](C(C)(C)C)NC(N[C@H]1[C@H](/N=C/C2=C(O)C(C(C)(C)C)=CC(OC)=C2)CCCC1)=S)NCC3=CC=CC=C3,toluene,0,-78.00,86,4.197096622,JACS 1998
74,C=CC/N=C/C1=CC(C=CC=C2)=C2C=C1,O=C([C@H](C(C)(C)C)NC(N[C@H]1[C@H](/N=C/C2=C(O)C(C(C)(C)C)=CC(OC)=C2)CCCC1)=S)NCC3=CC=CC=C3,toluene,0,-78.00,88,4.464571516,JACS 1998
75,C=CC/N=C/C1CCCCC1,O=C([C@H](C(C)(C)C)NC(N[C@H]1[C@H](/N=C/C2=C(O)C(C(C)(C)C)=CC(OC)=C2)CCCC1)=S)NCC3=CC=CC=C3,toluene,0,-78.00,83,3.855680080,JACS 1998
76,C=CC/N=C/C(C)(C)C,O=C([C@H](C(C)(C)C)NC(N[C@H]1[C@H](/N=C/C2=C(O)C(C(C)(C)C)=CC(OC)=C2)CCCC1)=S)NCC3=CC=CC=C3,toluene,0,-78.00,85,4.076403481,JACS 1998
77,C=CC/N=C/C1=CC=CC=C1,O=C([C@H](C(C)(C)C)NC(N[C@@H]1[C@@H](/N=C/C2=C(O)C(C(C)(C)C)=CC(OC(C(C)(C)C)=O)=C2)CCCC1)=S)NCC3=CC=CC=C3,toluene,0,-70.00,95,6.188087814,Angew2000
78,C=CC/N=C/C(C)(C)C,O=C([C@H](C(C)(C)C)NC(N[C@@H]1[C@@H](/N=C/C2=C(O)C(C(C)(C)C)=CC(OC(C(C)(C)C)=O)=C2)CCCC1)=S)NCC3=CC=CC=C3,toluene,0,-70.00,95,6.188087814,Angew2000
79,C=CC/N=C/C1=CC=C(OC)C=C1,O=C([C@H](C(C)(C)C)NC(N[C@@H]1[C@@H](/N=C/C2=C(O)C(C(C)(C)C)=CC(OC(C(C)(C)C)=O)=C2)CCCC1)=S)NCC3=CC=CC=C3,toluene,0,-70.00,95,6.188087814,Angew2000
80,C=CC/N=C/C1=CC(OC)=CC=C1,O=C([C@H](C(C)(C)C)NC(N[C@@H]1[C@@H](/N=C/C2=C(O)C(C(C)(C)C)=CC(OC(C(C)(C)C)=O)=C2)CCCC1)=S)NCC3=CC=CC=C3,toluene,0,-70.00,93,5.602342236,Angew2000
81,C=CC/N=C/C1=C(OC)C=CC=C1,O=C([C@H](C(C)(C)C)NC(N[C@@H]1[C@@H](/N=C/C2=C(O)C(C(C)(C)C)=CC(OC(C(C)(C)C)=O)=C2)CCCC1)=S)NCC3=CC=CC=C3,toluene,0,-70.00,77,3.446852204,Angew2000
82,C=CC/N=C/C1=CC=C(C)C=C1,O=C([C@H](C(C)(C)C)NC(N[C@@H]1[C@@H](/N=C/C2=C(O)C(C(C)(C)C)=CC(OC(C(C)(C)C)=O)=C2)CCCC1)=S)NCC3=CC=CC=C3,toluene,0,-70.00,95,6.188087814,Angew2000
83,C=CC/N=C/C1=CC(C)=CC=C1,O=C([C@H](C(C)(C)C)NC(N[C@@H]1[C@@H](/N=C/C2=C(O)C(C(C)(C)C)=CC(OC(C(C)(C)C)=O)=C2)CCCC1)=S)NCC3=CC=CC=C3,toluene,0,-70.00,96,6.573637374,Angew2000
84,C=CC/N=C/C1=C(C)C=CC=C1,O=C([C@H](C(C)(C)C)NC(N[C@@H]1[C@@H](/N=C/C2=C(O)C(C(C)(C)C)=CC(OC(C(C)(C)C)=O)=C2)CCCC1)=S)NCC3=CC=CC=C3,toluene,0,-70.00,95,6.188087814,Angew2000
85,C=CC/N=C/C1=CC=C(Br)C=C1,O=C([C@H](C(C)(C)C)NC(N[C@@H]1[C@@H](/N=C/C2=C(O)C(C(C)(C)C)=CC(OC(C(C)(C)C)=O)=C2)CCCC1)=S)NCC3=CC=CC=C3,toluene,0,-70.00,89,4.803523459,Angew2000
86,C=CC/N=C/C1=CC(Br)=CC=C1,O=C([C@H](C(C)(C)C)NC(N[C@@H]1[C@@H](/N=C/C2=C(O)C(C(C)(C)C)=CC(OC(C(C)(C)C)=O)=C2)CCCC1)=S)NCC3=CC=CC=C3,toluene,0,-70.00,90,4.973424423,Angew2000
87,C=CC/N=C/C1=C(Br)C=CC=C1,O=C([C@H](C(C)(C)C)NC(N[C@@H]1[C@@H](/N=C/C2=C(O)C(C(C)(C)C)=CC(OC(C(C)(C)C)=O)=C2)CCCC1)=S)NCC3=CC=CC=C3,toluene,0,-70.00,95,6.188087814,Angew2000
88,C=CC/N=C/C1=CC=C(C(C)(C)C)C=C1,O=C([C@H](C(C)(C)C)NC(N[C@@H]1[C@@H](/N=C/C2=C(O)C(C(C)(C)C)=CC(OC(C(C)(C)C)=O)=C2)CCCC1)=S)NCC3=CC=CC=C3,toluene,0,-70.00,97,7.068154380,Angew2000
89,CC(C)(C)/C=N/CC1=CC=CC=C1,O=C([C@H](C(C)(C)C)NC(N[C@@H]1[C@@H](/N=C/C2=C(O)C(C(C)(C)C)=CC(OC(C(C)(C)C)=O)=C2)CCCC1)=S)NCC3=CC=CC=C3,toluene,0,-70.00,96,6.573637374,Angew2000
90,C1(CCCCC1)/C=N/CC2=CC=CC=C2,O=C([C@H](C(C)(C)C)NC(N[C@@H]1[C@@H](/N=C/C2=C(O)C(C(C)(C)C)=CC(OC(C(C)(C)C)=O)=C2)CCCC1)=S)NCC3=CC=CC=C3,toluene,0,-70.00,87,4.503384743,Angew2000
91,C=CC/N=C/C1CCCCC1,O=C([C@H](C(C)(C)C)NC(N[C@@H]1[C@@H](/N=C/C2=C(O)C(C(C)(C)C)=CC(OC(C(C)(C)C)=O)=C2)CCCC1)=S)NCC3=CC=CC=C3,toluene,0,-70.00,86,4.369152850,Angew2000
92,C1(/C=N/CC2=CC=CC=C2)=CCCCC1,O=C([C@H](C(C)(C)C)NC(N[C@@H]1[C@@H](/N=C/C2=C(O)C(C(C)(C)C)=CC(OC(C(C)(C)C)=O)=C2)CCCC1)=S)NCC3=CC=CC=C3,toluene,0,-70.00,91,5.160254525,Angew2000
93,CC(C)(C)C/C=N/CC1=CC=CC=C1,O=C([C@H](C(C)(C)C)NC(N[C@@H]1[C@@H](/N=C/C2=C(O)C(C(C)(C)C)=CC(OC(C(C)(C)C)=O)=C2)CCCC1)=S)NCC3=CC=CC=C3,toluene,0,-70.00,90,4.973424423,Angew2000
94,CCCC/C=N/CC1=CC=CC=C1,O=C([C@H](C(C)(C)C)NC(N[C@@H]1[C@@H](/N=C/C2=C(O)C(C(C)(C)C)=CC(OC(C(C)(C)C)=O)=C2)CCCC1)=S)NCC3=CC=CC=C3,toluene,0,-70.00,78,3.531451291,Angew2000
95,CC(C)/C=N/CC1=CC=CC=C1,O=C([C@H](C(C)(C)C)NC(N[C@@H]1[C@@H](/N=C/C2=C(O)C(C(C)(C)C)=CC(OC(C(C)(C)C)=O)=C2)CCCC1)=S)NCC3=CC=CC=C3,toluene,0,-70.00,79,3.619490533,Angew2000
96,C1(CC1)/C=N/CC2=CC=CC=C2,O=C([C@H](C(C)(C)C)NC(N[C@@H]1[C@@H](/N=C/C2=C(O)C(C(C)(C)C)=CC(OC(C(C)(C)C)=O)=C2)CCCC1)=S)NCC3=CC=CC=C3,toluene,0,-70.00,91,5.160254525,Angew2000
97,C=CC/N=C/C1CCCCCCC1,O=C([C@H](C(C)(C)C)NC(N[C@@H]1[C@@H](/N=C/C2=C(O)C(C(C)(C)C)=CC(OC(C(C)(C)C)=O)=C2)CCCC1)=S)NCC3=CC=CC=C3,toluene,0,-70.00,90,4.973424423,Angew2000
98,C12=CC=CC=C1CCN=C2,O=C([C@H](C(C)(C)C)NC(N[C@@H]1[C@@H](/N=C/C2=C(O)C(C(C)(C)C)=CC(OC(C(C)(C)C)=O)=C2)CCCC1)=S)NCC3=CC=CC=C3,toluene,0,-70.00,91,5.160254525,Angew2000
99,CC(C)(C)/C=N/C(C1=CC=CC=C1)C2=CC=CC=C2,S=C(NC1=CC(C(F)(F)F)=CC(C(F)(F)F)=C1)NC2=CC(C(F)(F)F)=CC(C(F)(F)F)=C2,toluene,0,-30.00,0,0.000000000,0ee - manually
100,C(C1=CC=CC=C1)(C2=CC=CC=C2)/N=C/C3=CC=CC=C3,S=C(NC1=CC(C(F)(F)F)=CC(C(F)(F)F)=C1)NC2=CC(C(F)(F)F)=CC(C(F)(F)F)=C2,toluene,0,-30.00,0,0.000000000,0ee - manually
101,C/C(C1=CC=CC=C1)=N\CC2=CC=CC=C2,S=C(NC1=CC(C(F)(F)F)=CC(C(F)(F)F)=C1)NC2=CC(C(F)(F)F)=CC(C(F)(F)F)=C2,toluene,0,-75.00,0,0.000000000,0ee - manually
102,C=CC/N=C(C)/C1=CC=CC=C1,S=C(NC1=CC(C(F)(F)F)=CC(C(F)(F)F)=C1)NC2=CC(C(F)(F)F)=CC(C(F)(F)F)=C2,toluene,0,-75.00,0,0.000000000,0ee - manually
103,CC(C)(C)/C=N/C(C1=CC=CC=C1)C2=CC=CC=C2,S=C(NC1=CC(C(F)(F)F)=CC(C(F)(F)F)=C1)N[C@H]2[C@H](CC3=C2C=CC=C3)O,toluene,0,-30.00,0,0.000000000,0ee - manually
104,C(C1=CC=CC=C1)(C2=CC=CC=C2)/N=C/C3=CC=CC=C3,S=C(NC1=CC(C(F)(F)F)=CC(C(F)(F)F)=C1)N[C@H]2[C@H](CC3=C2C=CC=C3)O,toluene,0,-30.00,0,0.000000000,0ee - manually
105,C/C(C1=CC=CC=C1)=N\CC2=CC=CC=C2,S=C(NC1=CC(C(F)(F)F)=CC(C(F)(F)F)=C1)N[C@H]2[C@H](CC3=C2C=CC=C3)O,toluene,0,-75.00,0,0.000000000,0ee - manually
106,C=CC/N=C(C)/C1=CC=CC=C1,S=C(NC1=CC(C(F)(F)F)=CC(C(F)(F)F)=C1)N[C@H]2[C@H](CC3=C2C=CC=C3)O,toluene,0,-75.00,0,0.000000000,0ee - manually
107,CC(C)(C)/C=N/C(C1=CC=CC=C1)C2=CC=CC=C2,S=C(NC1=C(C2=C(C=C1)C=CC=C2)C3=C4C=CC=CC4=CC=C3N(C)C)NC5=CC(C(F)(F)F)=CC(C(F)(F)F)=C5,toluene,0,-30.00,0,0.000000000,0ee - manually
108,C(C1=CC=CC=C1)(C2=CC=CC=C2)/N=C/C3=CC=CC=C3,S=C(NC1=C(C2=C(C=C1)C=CC=C2)C3=C4C=CC=CC4=CC=C3N(C)C)NC5=CC(C(F)(F)F)=CC(C(F)(F)F)=C5,toluene,0,-30.00,0,0.000000000,0ee - manually
109,C/C(C1=CC=CC=C1)=N\CC2=CC=CC=C2,S=C(NC1=C(C2=C(C=C1)C=CC=C2)C3=C4C=CC=CC4=CC=C3N(C)C)NC5=CC(C(F)(F)F)=CC(C(F)(F)F)=C5,toluene,0,-75.00,0,0.000000000,0ee - manually
110,C=CC/N=C(C)/C1=CC=CC=C1,S=C(NC1=C(C2=C(C=C1)C=CC=C2)C3=C4C=CC=CC4=CC=C3N(C)C)NC5=CC(C(F)(F)F)=CC(C(F)(F)F)=C5,toluene,0,-75.00,0,0.000000000,0ee - manually
111,CC(C)(C)/C=N/C(C1=CC=CC=C1)C2=CC=CC=C2,CN(C([C@H](NC(NC1=CC(C(F)(F)F)=CC(C(F)(F)F)=C1)=S)C(C)(C)C)=O)C,toluene,0,-30.00,0,0.000000000,0ee - manually
112,C(C1=CC=CC=C1)(C2=CC=CC=C2)/N=C/C3=CC=CC=C3,CN(C([C@H](NC(NC1=CC(C(F)(F)F)=CC(C(F)(F)F)=C1)=S)C(C)(C)C)=O)C,toluene,0,-30.00,0,0.000000000,0ee - manually
113,C/C(C1=CC=CC=C1)=N\CC2=CC=CC=C2,CN(C([C@H](NC(NC1=CC(C(F)(F)F)=CC(C(F)(F)F)=C1)=S)C(C)(C)C)=O)C,toluene,0,-75.00,0,0.000000000,0ee - manually
114,C=CC/N=C(C)/C1=CC=CC=C1,CN(C([C@H](NC(NC1=CC(C(F)(F)F)=CC(C(F)(F)F)=C1)=S)C(C)(C)C)=O)C,toluene,0,-75.00,0,0.000000000,0ee - manually
115,CC(C)(C)/C=N/C(C1=CC=CC=C1)C2=CC=CC=C2,[H]N(C(CNC(NC1=CC(C(F)(F)F)=CC(C(F)(F)F)=C1)=S)=O)[H],toluene,0,-30.00,0,0.000000000,0ee - manually
116,C(C1=CC=CC=C1)(C2=CC=CC=C2)/N=C/C3=CC=CC=C3,[H]N(C(CNC(NC1=CC(C(F)(F)F)=CC(C(F)(F)F)=C1)=S)=O)[H],toluene,0,-30.00,0,0.000000000,0ee - manually
117,C/C(C1=CC=CC=C1)=N\CC2=CC=CC=C2,[H]N(C(CNC(NC1=CC(C(F)(F)F)=CC(C(F)(F)F)=C1)=S)=O)[H],toluene,0,-75.00,0,0.000000000,0ee - manually
118,C=CC/N=C(C)/C1=CC=CC=C1,[H]N(C(CNC(NC1=CC(C(F)(F)F)=CC(C(F)(F)F)=C1)=S)=O)[H],toluene,0,-75.00,0,0.000000000,0ee - manually