Entry in paper,SMILES,Anion,"Binding mode
(transporter)","Binding mode
(anion)","Stochiometry
(# of anion 
per transporter)",NMR Solvent,Ka ( M-1),Assay,Lipid,Measured by,Cl source inside,Cl conc (mM),Assay pH,Time between transporter added and lysis (s),EC50(mol%)_raw,EC50(mol%)_target,Hill parameter n,paperID,Year,Ref
1,S=C(NCCCCCC)NC1=CC=C(Br)C=C1,Cl,1,1,1,DMSO,18.62,Cl-/NO3-,POPC,ISE,NaCl,489,7.2,270,0.93,0.93,,1,2013,Towards predictable transmembrane transport: QSAR analysis of anion binding and transport - Chemical Science (RSC Publishing)
2,S=C(NCCCCCC)NC1=CC=C(C(F)(F)F)C=C1,Cl,1,1,1,DMSO,26.3,Cl-/NO3-,POPC,ISE,NaCl,489,7.2,270,0.44,0.44,1.65,1,2013,Towards predictable transmembrane transport: QSAR analysis of anion binding and transport - Chemical Science (RSC Publishing)
3,S=C(NCCCCCC)NC1=CC=C(Cl)C=C1,Cl,1,1,1,DMSO,19.95,Cl-/NO3-,POPC,ISE,NaCl,489,7.2,270,1.02,1.02,1.57,1,2013,Towards predictable transmembrane transport: QSAR analysis of anion binding and transport - Chemical Science (RSC Publishing)
4,S=C(NCCCCCC)NC1=CC=C(C#N)C=C1,Cl,1,1,1,DMSO,31.62,Cl-/NO3-,POPC,ISE,NaCl,489,7.2,270,0.82,0.82,2.11,1,2013,Towards predictable transmembrane transport: QSAR analysis of anion binding and transport - Chemical Science (RSC Publishing)
5,S=C(NCCCCCC)NC1=CC=C(C(C(F)(F)F)=O)C=C1,Cl,1,1,1,DMSO,41.69,Cl-/NO3-,POPC,ISE,NaCl,489,7.2,270,0.93,0.93,1.93,1,2013,Towards predictable transmembrane transport: QSAR analysis of anion binding and transport - Chemical Science (RSC Publishing)
6,S=C(NCCCCCC)NC1=CC=C(C(C)=O)C=C1,Cl,1,1,1,DMSO,26.92,Cl-/NO3-,POPC,ISE,NaCl,489,7.2,270,3.15,3.15,,1,2013,Towards predictable transmembrane transport: QSAR analysis of anion binding and transport - Chemical Science (RSC Publishing)
7,S=C(NCCCCCC)NC1=CC=C(C(OC)=O)C=C1,Cl,1,1,1,DMSO,25.7,Cl-/NO3-,POPC,ISE,NaCl,489,7.2,270,2.34,2.34,1.76,1,2013,Towards predictable transmembrane transport: QSAR analysis of anion binding and transport - Chemical Science (RSC Publishing)
8,S=C(NCCCCCC)NC1=CC=C(F)C=C1,Cl,1,1,1,DMSO,15.49,Cl-/NO3-,POPC,ISE,NaCl,489,7.2,270,2.02,2.02,1.67,1,2013,Towards predictable transmembrane transport: QSAR analysis of anion binding and transport - Chemical Science (RSC Publishing)
9,S=C(NCCCCCC)NC1=CC=CC=C1,Cl,1,1,1,DMSO,13.49,Cl-/NO3-,POPC,ISE,NaCl,489,7.2,270,2.67,2.67,0.91,1,2013,Towards predictable transmembrane transport: QSAR analysis of anion binding and transport - Chemical Science (RSC Publishing)
10,S=C(NCCCCCC)NC1=CC=C(I)C=C1,Cl,1,1,1,DMSO,19.95,Cl-/NO3-,POPC,ISE,NaCl,489,7.2,270,1.01,1.01,1.87,1,2013,Towards predictable transmembrane transport: QSAR analysis of anion binding and transport - Chemical Science (RSC Publishing)
11,S=C(NCCCCCC)NC1=CC=C([N+]([O-])=O)C=C1,Cl,1,1,1,DMSO,42.66,Cl-/NO3-,POPC,ISE,NaCl,489,7.2,270,0.45,0.45,2.05,1,2013,Towards predictable transmembrane transport: QSAR analysis of anion binding and transport - Chemical Science (RSC Publishing)
12,S=C(NCCCCCC)NC1=CC=C(OC(C)=O)C=C1,Cl,1,1,1,DMSO,17.38,Cl-/NO3-,POPC,ISE,NaCl,489,7.2,270,12.06,12.06,1.94,1,2013,Towards predictable transmembrane transport: QSAR analysis of anion binding and transport - Chemical Science (RSC Publishing)
13,S=C(NCCCCCC)NC1=CC=C(OC(F)(F)F)C=C1,Cl,1,1,1,DMSO,24.55,Cl-/NO3-,POPC,ISE,NaCl,489,7.2,270,0.42,0.42,1.41,1,2013,Towards predictable transmembrane transport: QSAR analysis of anion binding and transport - Chemical Science (RSC Publishing)
14,S=C(NCCCCCC)NC1=CC=C(OCC)C=C1,Cl,1,1,1,DMSO,12.3,Cl-/NO3-,POPC,ISE,NaCl,489,7.2,270,1.86,1.86,,1,2013,Towards predictable transmembrane transport: QSAR analysis of anion binding and transport - Chemical Science (RSC Publishing)
15,S=C(NCCCCCC)NC1=CC=C(OC)C=C1,Cl,1,1,1,DMSO,10.72,Cl-/NO3-,POPC,ISE,NaCl,489,7.2,270,5.43,5.43,1.29,1,2013,Towards predictable transmembrane transport: QSAR analysis of anion binding and transport - Chemical Science (RSC Publishing)
16,S=C(NCCCCCC)NC1=CC=C(SC)C=C1,Cl,1,1,1,DMSO,14.79,Cl-/NO3-,POPC,ISE,NaCl,489,7.2,270,2.57,2.57,1.6,1,2013,Towards predictable transmembrane transport: QSAR analysis of anion binding and transport - Chemical Science (RSC Publishing)
17,S=C(NCCCCCC)NC1=CC=C(S(=O)(C)=O)C=C1,Cl,1,1,1,DMSO,38.02,Cl-/NO3-,POPC,ISE,NaCl,489,7.2,270,10.58,10.58,2.48,1,2013,Towards predictable transmembrane transport: QSAR analysis of anion binding and transport - Chemical Science (RSC Publishing)
18,S=C(NCCCCCC)NC1=CC=C(C)C=C1,Cl,1,1,1,DMSO,10.96,Cl-/NO3-,POPC,ISE,NaCl,489,7.2,270,1.33,1.33,0.88,1,2013,Towards predictable transmembrane transport: QSAR analysis of anion binding and transport - Chemical Science (RSC Publishing)
19,S=C(NCCCCCC)NC1=CC=C(CC)C=C1,Cl,1,1,1,DMSO,13.49,Cl-/NO3-,POPC,ISE,NaCl,489,7.2,270,0.33,0.33,0.63,1,2013,Towards predictable transmembrane transport: QSAR analysis of anion binding and transport - Chemical Science (RSC Publishing)
20,S=C(NCCCCCC)NC1=CC=C(CCC)C=C1,Cl,1,1,1,DMSO,13.18,Cl-/NO3-,POPC,ISE,NaCl,489,7.2,270,0.13,0.13,,1,2013,Towards predictable transmembrane transport: QSAR analysis of anion binding and transport - Chemical Science (RSC Publishing)
21,S=C(NCCCCCC)NC1=CC=C(CCCC)C=C1,Cl,1,1,1,DMSO,12.59,Cl-/NO3-,POPC,ISE,NaCl,489,7.2,270,0.12,0.12,0.77,1,2013,Towards predictable transmembrane transport: QSAR analysis of anion binding and transport - Chemical Science (RSC Publishing)
22,S=C(NCCCCCC)NC1=CC=C(CCCCC)C=C1,Cl,1,1,1,DMSO,12.88,Cl-/NO3-,POPC,ISE,NaCl,489,7.2,270,0.08,0.08,0.86,1,2013,Towards predictable transmembrane transport: QSAR analysis of anion binding and transport - Chemical Science (RSC Publishing)
1,COC1=CC(C2=CC=CN2)=[NH+]/C1=C\NC3=CC=C(C)C=C3,Cl,1,1,1,,,Cl-/NO3-,POPC,ISE,NaCl,489,7.2,300,0.00719,0.00719,1.19,2,2016,QSAR analysis of substituent effects on tambjamine anion transporters - Chemical Science (RSC Publishing)
2,COC1=CC(C2=CC=CN2)=[NH+]/C1=C\NC3=CC=C(CC)C=C3,Cl,1,1,1,,,Cl-/NO3-,POPC,ISE,NaCl,489,7.2,300,0.00613,0.00613,1.23,2,2016,QSAR analysis of substituent effects on tambjamine anion transporters - Chemical Science (RSC Publishing)
3,COC1=CC(C2=CC=CN2)=[NH+]/C1=C\NC3=CC=C(CCC)C=C3,Cl,1,1,1,,,Cl-/NO3-,POPC,ISE,NaCl,489,7.2,300,0.00699,0.00699,1.25,2,2016,QSAR analysis of substituent effects on tambjamine anion transporters - Chemical Science (RSC Publishing)
4,COC1=CC(C2=CC=CN2)=[NH+]/C1=C\NC3=CC=C(CCCC)C=C3,Cl,1,1,1,,,Cl-/NO3-,POPC,ISE,NaCl,489,7.2,300,0.00779,0.00779,1.32,2,2016,QSAR analysis of substituent effects on tambjamine anion transporters - Chemical Science (RSC Publishing)
5,COC1=CC(C2=CC=CN2)=[NH+]/C1=C\NC3=CC=C(C(C)(C)C)C=C3,Cl,1,1,1,,,Cl-/NO3-,POPC,ISE,NaCl,489,7.2,300,0.0104,0.0104,1.29,2,2016,QSAR analysis of substituent effects on tambjamine anion transporters - Chemical Science (RSC Publishing)
6,COC1=CC(C2=CC=CN2)=[NH+]/C1=C\NC3=CC=C(CCCCC)C=C3,Cl,1,1,1,,,Cl-/NO3-,POPC,ISE,NaCl,489,7.2,300,0.00951,0.00951,1.25,2,2016,QSAR analysis of substituent effects on tambjamine anion transporters - Chemical Science (RSC Publishing)
7,COC1=CC(C2=CC=CN2)=[NH+]/C1=C\NC3=CC=C(CCCCCCCCCC)C=C3,Cl,1,1,1,,,Cl-/NO3-,POPC,ISE,NaCl,489,7.2,300,0.288,0.288,0.965,2,2016,QSAR analysis of substituent effects on tambjamine anion transporters - Chemical Science (RSC Publishing)
8,OC(C=C1)=CC=C1N/C=C2C(OC)=CC(C3=CC=CN3)=[NH+]/2,Cl,1,1,1,,,Cl-/NO3-,POPC,ISE,NaCl,489,7.2,300,0.0688,0.0688,1.42,2,2016,QSAR analysis of substituent effects on tambjamine anion transporters - Chemical Science (RSC Publishing)
9,COC1=CC(C2=CC=CN2)=[NH+]/C1=C\NC3=CC=C(OC)C=C3,Cl,1,1,1,,,Cl-/NO3-,POPC,ISE,NaCl,489,7.2,300,0.0197,0.0197,1.29,2,2016,QSAR analysis of substituent effects on tambjamine anion transporters - Chemical Science (RSC Publishing)
10,COC1=CC(C2=CC=CN2)=[NH+]/C1=C\NC3=CC=C(OCC)C=C3,Cl,1,1,1,,,Cl-/NO3-,POPC,ISE,NaCl,489,7.2,300,0.0134,0.0134,1.28,2,2016,QSAR analysis of substituent effects on tambjamine anion transporters - Chemical Science (RSC Publishing)
11,COC1=CC(C2=CC=CN2)=[NH+]/C1=C\NC3=CC=C(OC(F)(F)F)C=C3,Cl,1,1,1,,,Cl-/NO3-,POPC,ISE,NaCl,489,7.2,300,0.0231,0.0231,1.31,2,2016,QSAR analysis of substituent effects on tambjamine anion transporters - Chemical Science (RSC Publishing)
12,COC1=CC(C2=CC=CN2)=[NH+]/C1=C\NC3=CC=C(SC)C=C3,Cl,1,1,1,,,Cl-/NO3-,POPC,ISE,NaCl,489,7.2,300,0.026,0.026,1.29,2,2016,QSAR analysis of substituent effects on tambjamine anion transporters - Chemical Science (RSC Publishing)
13,FC(C=C1)=CC=C1N/C=C2C(OC)=CC(C3=CC=CN3)=[NH+]/2,Cl,1,1,1,,,Cl-/NO3-,POPC,ISE,NaCl,489,7.2,300,0.0208,0.0208,1.18,2,2016,QSAR analysis of substituent effects on tambjamine anion transporters - Chemical Science (RSC Publishing)
14,ClC(C=C1)=CC=C1N/C=C2C(OC)=CC(C3=CC=CN3)=[NH+]/2,Cl,1,1,1,,,Cl-/NO3-,POPC,ISE,NaCl,489,7.2,300,0.0155,0.0155,1.27,2,2016,QSAR analysis of substituent effects on tambjamine anion transporters - Chemical Science (RSC Publishing)
15,BrC(C=C1)=CC=C1N/C=C2C(OC)=CC(C3=CC=CN3)=[NH+]/2,Cl,1,1,1,,,Cl-/NO3-,POPC,ISE,NaCl,489,7.2,300,0.0236,0.0236,1.37,2,2016,QSAR analysis of substituent effects on tambjamine anion transporters - Chemical Science (RSC Publishing)
16,IC(C=C1)=CC=C1N/C=C2C(OC)=CC(C3=CC=CN3)=[NH+]/2,Cl,1,1,1,,,Cl-/NO3-,POPC,ISE,NaCl,489,7.2,300,0.0221,0.0221,1.29,2,2016,QSAR analysis of substituent effects on tambjamine anion transporters - Chemical Science (RSC Publishing)
17,COC1=CC(C2=CC=CN2)=[NH+]/C1=C\NC3=CC=C(C#N)C=C3,Cl,1,1,1,,,Cl-/NO3-,POPC,ISE,NaCl,489,7.2,300,0.0167,0.0167,1.48,2,2016,QSAR analysis of substituent effects on tambjamine anion transporters - Chemical Science (RSC Publishing)
18,COC1=CC(C2=CC=CN2)=[NH+]/C1=C\NC3=CC=C(S(=O)(C)=O)C=C3,Cl,1,1,1,,,Cl-/NO3-,POPC,ISE,NaCl,489,7.2,300,0.0494,0.0494,1.59,2,2016,QSAR analysis of substituent effects on tambjamine anion transporters - Chemical Science (RSC Publishing)
19,COC1=CC(C2=CC=CN2)=[NH+]/C1=C\NCC3=CC=CC=N3,Cl,1,1,1,,,Cl-/NO3-,POPC,ISE,NaCl,489,7.2,300,0.197,0.197,0.853,2,2016,QSAR analysis of substituent effects on tambjamine anion transporters - Chemical Science (RSC Publishing)
20,CN/C=C1C(OC)=CC(C2=CC=CN2)=[NH+]/1,Cl,1,1,1,,,Cl-/NO3-,POPC,ISE,NaCl,489,7.2,300,0.346,0.346,1.3,2,2016,QSAR analysis of substituent effects on tambjamine anion transporters - Chemical Science (RSC Publishing)
21,COC1=CC(C2=CC=CN2)=[NH+]/C1=C\NCC,Cl,1,1,1,,,Cl-/NO3-,POPC,ISE,NaCl,489,7.2,300,0.0921,0.0921,1.08,2,2016,QSAR analysis of substituent effects on tambjamine anion transporters - Chemical Science (RSC Publishing)
22,COC1=CC(C2=CC=CN2)=[NH+]/C1=C\NCCC,Cl,1,1,1,,,Cl-/NO3-,POPC,ISE,NaCl,489,7.2,300,0.0274,0.0274,1.03,2,2016,QSAR analysis of substituent effects on tambjamine anion transporters - Chemical Science (RSC Publishing)
23,COC1=CC(C2=CC=CN2)=[NH+]/C1=C\NCCCC,Cl,1,1,1,,,Cl-/NO3-,POPC,ISE,NaCl,489,7.2,300,0.0116,0.0116,0.86,2,2016,QSAR analysis of substituent effects on tambjamine anion transporters - Chemical Science (RSC Publishing)
24,COC1=CC(C2=CC=CN2)=[NH+]/C1=C\NCCCCC,Cl,1,1,1,,,Cl-/NO3-,POPC,ISE,NaCl,489,7.2,300,0.00648,0.00648,1.18,2,2016,QSAR analysis of substituent effects on tambjamine anion transporters - Chemical Science (RSC Publishing)
25,COC1=CC(C2=CC=CN2)=[NH+]/C1=C\NCCCCCC,Cl,1,1,1,,,Cl-/NO3-,POPC,ISE,NaCl,489,7.2,300,0.005,0.005,1.19,2,2016,QSAR analysis of substituent effects on tambjamine anion transporters - Chemical Science (RSC Publishing)
26,COC1=CC(C2=CC=CN2)=[NH+]/C1=C\NCCCCCCC,Cl,1,1,1,,,Cl-/NO3-,POPC,ISE,NaCl,489,7.2,300,0.00451,0.00451,1.51,2,2016,QSAR analysis of substituent effects on tambjamine anion transporters - Chemical Science (RSC Publishing)
27,COC1=CC(C2=CC=CN2)=[NH+]/C1=C\NCCCCCCCC,Cl,1,1,1,,,Cl-/NO3-,POPC,ISE,NaCl,489,7.2,300,0.00312,0.00312,1.07,2,2016,QSAR analysis of substituent effects on tambjamine anion transporters - Chemical Science (RSC Publishing)
28,COC1=CC(C2=CC=CN2)=[NH+]/C1=C\NCCCCCCCCC,Cl,1,1,1,,,Cl-/NO3-,POPC,ISE,NaCl,489,7.2,300,0.0038,0.0038,1.1,2,2016,QSAR analysis of substituent effects on tambjamine anion transporters - Chemical Science (RSC Publishing)
29,COC1=CC(C2=CC=CN2)=[NH+]/C1=C\NCCCCCCCCCC,Cl,1,1,1,,,Cl-/NO3-,POPC,ISE,NaCl,489,7.2,300,0.0053,0.0053,1.33,2,2016,QSAR analysis of substituent effects on tambjamine anion transporters - Chemical Science (RSC Publishing)
30,COC1=CC(C2=CC=CN2)=[NH+]/C1=C\NCCCCCCCCCCCC,Cl,1,1,1,,,Cl-/NO3-,POPC,ISE,NaCl,489,7.2,300,0.00731,0.00731,1.15,2,2016,QSAR analysis of substituent effects on tambjamine anion transporters - Chemical Science (RSC Publishing)
31,CC(C)CN/C=C1C(OC)=CC(C2=CC=CN2)=[NH+]/1,Cl,1,1,1,,,Cl-/NO3-,POPC,ISE,NaCl,489,7.2,300,0.0113,0.0113,1.2,2,2016,QSAR analysis of substituent effects on tambjamine anion transporters - Chemical Science (RSC Publishing)
32,CC(C)CCN/C=C1C(OC)=CC(C2=CC=CN2)=[NH+]/1,Cl,1,1,1,,,Cl-/NO3-,POPC,ISE,NaCl,489,7.2,300,0.00668,0.00668,1.05,2,2016,QSAR analysis of substituent effects on tambjamine anion transporters - Chemical Science (RSC Publishing)
33,COCCCN/C=C1C(OC)=CC(C2=CC=CN2)=[NH+]/1,Cl,1,1,1,,,Cl-/NO3-,POPC,ISE,NaCl,489,7.2,300,0.0977,0.0977,0.963,2,2016,QSAR analysis of substituent effects on tambjamine anion transporters - Chemical Science (RSC Publishing)
34,C1(C(C=C/2OCC3=CC=CC=C3)=[NH+]C2=C/NC4=CC=CC=C4)=CC=CN1,Cl,1,1,1,,,Cl-/NO3-,POPC,ISE,NaCl,489,7.2,300,0.0157,0.0157,1.32,2,2016,QSAR analysis of substituent effects on tambjamine anion transporters - Chemical Science (RSC Publishing)
35,CC(C(C=C1)=CC=C1N/C=C2C(OCC3=CC=CC=C3)=CC(C4=CC=CN4)=[NH+]/2)(C)C,Cl,1,1,1,,,Cl-/NO3-,POPC,ISE,NaCl,489,7.2,300,0.0116,0.0116,1.2,2,2016,QSAR analysis of substituent effects on tambjamine anion transporters - Chemical Science (RSC Publishing)
36,CCCCCC(C=C1)=CC=C1N/C=C2C(OCC3=CC=CC=C3)=CC(C4=CC=CN4)=[NH+]/2,Cl,1,1,1,,,Cl-/NO3-,POPC,ISE,NaCl,489,7.2,300,0.0123,0.0123,0.857,2,2016,QSAR analysis of substituent effects on tambjamine anion transporters - Chemical Science (RSC Publishing)
37,COC(C=C1)=CC=C1N/C=C2C(OCC3=CC=CC=C3)=CC(C4=CC=CN4)=[NH+]/2,Cl,1,1,1,,,Cl-/NO3-,POPC,ISE,NaCl,489,7.2,300,0.0133,0.0133,1.45,2,2016,QSAR analysis of substituent effects on tambjamine anion transporters - Chemical Science (RSC Publishing)
38,C1(C(C=C/2OCC3=CC=CC=C3)=[NH+]C2=C/NC4=CC=CC=N4)=CC=CN1,Cl,1,1,1,,,Cl-/NO3-,POPC,ISE,NaCl,489,7.2,300,0.00878,0.00878,1.43,2,2016,QSAR analysis of substituent effects on tambjamine anion transporters - Chemical Science (RSC Publishing)
39,CCCN/C=C1C(OCC2=CC=CC=C2)=CC(C3=CC=CN3)=[NH+]/1,Cl,1,1,1,,,Cl-/NO3-,POPC,ISE,NaCl,489,7.2,300,0.0196,0.0196,1.14,2,2016,QSAR analysis of substituent effects on tambjamine anion transporters - Chemical Science (RSC Publishing)
40,CCCCCN/C=C1C(OCC2=CC=CC=C2)=CC(C3=CC=CN3)=[NH+]/1,Cl,1,1,1,,,Cl-/NO3-,POPC,ISE,NaCl,489,7.2,300,0.00968,0.00968,1.74,2,2016,QSAR analysis of substituent effects on tambjamine anion transporters - Chemical Science (RSC Publishing)
41,CCCCCCCCCN/C=C1C(OCC2=CC=CC=C2)=CC(C3=CC=CN3)=[NH+]/1,Cl,1,1,1,,,Cl-/NO3-,POPC,ISE,NaCl,489,7.2,300,0.00517,0.00517,1.15,2,2016,QSAR analysis of substituent effects on tambjamine anion transporters - Chemical Science (RSC Publishing)
42,CCCCCCCCCCN/C=C1C(OCC2=CC=CC=C2)=CC(C3=CC=CN3)=[NH+]/1,Cl,1,1,1,,,Cl-/NO3-,POPC,ISE,NaCl,489,7.2,300,0.0204,0.0204,0.929,2,2016,QSAR analysis of substituent effects on tambjamine anion transporters - Chemical Science (RSC Publishing)
43,CCCCCCCCCCCCN/C=C1C(OCC2=CC=CC=C2)=CC(C3=CC=CN3)=[NH+]/1,Cl,1,1,1,,,Cl-/NO3-,POPC,ISE,NaCl,489,7.2,300,0.0616,0.0616,,2,2016,QSAR analysis of substituent effects on tambjamine anion transporters - Chemical Science (RSC Publishing)
10a,S=C(NCCCCCC)NC1=CC=CC=C1,Cl,1,1,1,CDCl3,93,Cl-/NO3-,POPC,ISE,NaCl,489,7.2,270,2.7,2.7,,4,2014,Lipophilic balance – a new design principle for transmembrane anion carriers - Chemical Science (RSC Publishing)
10b,S=C(NCCCCCC)NC1=CC=C(CC)C=C1,Cl,1,1,1,CDCl3,47,Cl-/NO3-,POPC,ISE,NaCl,489,7.2,270,0.3,0.3,,4,2014,Lipophilic balance – a new design principle for transmembrane anion carriers - Chemical Science (RSC Publishing)
10c,S=C(NCCCCCCCCCC)NC1=CC=CC=C1,Cl,1,1,1,CDCl3,107,Cl-/NO3-,POPC,ISE,NaCl,489,7.2,270,5.3,5.3,,4,2014,Lipophilic balance – a new design principle for transmembrane anion carriers - Chemical Science (RSC Publishing)
10d,S=C(NCCCCCCCCC)NC1=CC=C(CC)C=C1,Cl,1,1,1,CDCl3,44,Cl-/NO3-,POPC,ISE,NaCl,489,7.2,270,0.4,0.4,,4,2014,Lipophilic balance – a new design principle for transmembrane anion carriers - Chemical Science (RSC Publishing)
10e,S=C(NCCCCCC)NC1=CC=C(CCCCC)C=C1,Cl,1,1,1,CDCl3,42,Cl-/NO3-,POPC,ISE,NaCl,489,7.2,270,0.08,0.08,,4,2014,Lipophilic balance – a new design principle for transmembrane anion carriers - Chemical Science (RSC Publishing)
10f,S=C(NCCC)NC1=CC=C(CCCCCCCC)C=C1,Cl,1,1,1,CDCl3,52,Cl-/NO3-,POPC,ISE,NaCl,489,7.2,270,1.5,1.5,,4,2014,Lipophilic balance – a new design principle for transmembrane anion carriers - Chemical Science (RSC Publishing)
10g,S=C(NCC)NC1=CC=C(CCCCCCCCC)C=C1,Cl,1,1,1,CDCl3,53,Cl-/NO3-,POPC,ISE,NaCl,489,7.2,270,,N,,4,2014,Lipophilic balance – a new design principle for transmembrane anion carriers - Chemical Science (RSC Publishing)
10h,S=C(NC1CCCCC1)NC2=CC=C(CCCCC)C=C2,Cl,1,1,1,CDCl3,30,Cl-/NO3-,POPC,ISE,NaCl,489,7.2,270,0.1,0.1,,4,2014,Lipophilic balance – a new design principle for transmembrane anion carriers - Chemical Science (RSC Publishing)
1,O=C1C(NC2=CC=CC=C2)=C(NC3=CC=CC=C3)C1=O,Cl,1,1,1,DMSO,260,Cl-/NO3-,POPC,ISE,NaCl,489,7.2,270,1.38,1.38,1.7,5,2012,Squaramides as Potent Transmembrane Anion Transporters - Busschaert - 2012 - Angewandte Chemie International Edition - Wiley Online Library
2,S=C(NC1=CC=CC=C1)NC2=CC=CC=C2,Cl,1,1,1,DMSO,15,Cl-/NO3-,POPC,ISE,NaCl,489,7.2,270,,N,,5,2012,Transporter was not active enough to perform Hill analysis.
3,O=C(NC1=CC=CC=C1)NC2=CC=CC=C2,Cl,1,1,1,DMSO,31,Cl-/NO3-,POPC,ISE,NaCl,489,7.2,270,,N,,5,2012,Transporter was not active enough to perform Hill analysis.
4,O=C1C(NC2=CC=C(C(F)(F)F)C=C2)=C(NC3=CC=C(C(F)(F)F)C=C3)C1=O,Cl,1,1,1,DMSO,458,Cl-/NO3-,POPC,ISE,NaCl,489,7.2,270,0.06,0.06,1.2,5,2012,Squaramides as Potent Transmembrane Anion Transporters - Busschaert - 2012 - Angewandte Chemie International Edition - Wiley Online Library
5,S=C(NC1=CC=C(C(F)(F)F)C=C1)NC2=CC=C(C(F)(F)F)C=C2,Cl,1,1,1,DMSO,43,Cl-/NO3-,POPC,ISE,NaCl,489,7.2,270,0.22,0.22,1.6,5,2012,Squaramides as Potent Transmembrane Anion Transporters - Busschaert - 2012 - Angewandte Chemie International Edition - Wiley Online Library
6,O=C(NC1=CC=C(C(F)(F)F)C=C1)NC2=CC=C(C(F)(F)F)C=C2,Cl,1,1,1,DMSO,75,Cl-/NO3-,POPC,ISE,NaCl,489,7.2,270,0.42,0.42,2.2,5,2012,Squaramides as Potent Transmembrane Anion Transporters - Busschaert - 2012 - Angewandte Chemie International Edition - Wiley Online Library
7,O=C1C(NC2=CC(C(F)(F)F)=CC(C(F)(F)F)=C2)=C(NC3=CC(C(F)(F)F)=CC(C(F)(F)F)=C3)C1=O,Cl,1,1,1,DMSO,643,Cl-/NO3-,POPC,ISE,NaCl,489,7.2,270,0.01,0.01,1.1,5,2012,Squaramides as Potent Transmembrane Anion Transporters - Busschaert - 2012 - Angewandte Chemie International Edition - Wiley Online Library
8,S=C(NC1=CC(C(F)(F)F)=CC(C(F)(F)F)=C1)NC2=CC(C(F)(F)F)=CC(C(F)(F)F)=C2,Cl,1,1,1,DMSO,41,Cl-/NO3-,POPC,ISE,NaCl,489,7.2,270,0.16,0.16,2,5,2012,Squaramides as Potent Transmembrane Anion Transporters - Busschaert - 2012 - Angewandte Chemie International Edition - Wiley Online Library
9,O=C(NC1=CC(C(F)(F)F)=CC(C(F)(F)F)=C1)NC2=CC(C(F)(F)F)=CC(C(F)(F)F)=C2,Cl,1,1,1,DMSO,88,Cl-/NO3-,POPC,ISE,NaCl,489,7.2,270,0.3,0.3,1.4,5,2012,Squaramides as Potent Transmembrane Anion Transporters - Busschaert - 2012 - Angewandte Chemie International Edition - Wiley Online Library
1,O=C(NCCCC)NC1=CSC2=C1C=CC=C2,Cl,1,1,1,DMSO,29,Cl-/NO3-,POPC,ISE,NaCl,489,7.2,270,,N,,6,2021,Binding and Transport Properties of a Benzo[b]thiophene‐Based Mono‐(thio)urea Library - Moiteiro - 2022 - European Journal of Organic Chemistry - Wiley Online Library
2,S=C(NCCCC)NC1=CSC2=C1C=CC=C2,Cl,1,1,1,DMSO,60,Cl-/NO3-,POPC,ISE,NaCl,489,7.2,270,,N,,6,2021,Transporter was not active enough to perform Hill analysis.
3,O=C(NCCCCCC)NC1=CSC2=C1C=CC=C2,Cl,1,1,1,DMSO,36,Cl-/NO3-,POPC,ISE,NaCl,489,7.2,270,,N,,6,2021,Transporter was not active enough to perform Hill analysis.
4,S=C(NCCCCCC)NC1=CSC2=C1C=CC=C2,Cl,1,1,1,DMSO,38,Cl-/NO3-,POPC,ISE,NaCl,489,7.2,270,,N,,6,2021,Transporter was not active enough to perform Hill analysis.
5,O=C(NCCCC)NC1=CC=CC2=C1C=CS2,Cl,1,1,1,DMSO,33,Cl-/NO3-,POPC,ISE,NaCl,489,7.2,270,,N,,6,2021,Transporter was not active enough to perform Hill analysis.
6,S=C(NCCCC)NC1=CC=CC2=C1C=CS2,Cl,1,1,1,DMSO,35,Cl-/NO3-,POPC,ISE,NaCl,489,7.2,270,,N,,6,2021,Transporter was not active enough to perform Hill analysis.
7,O=C(NCCCCCC)NC1=CC=CC2=C1C=CS2,Cl,1,1,1,DMSO,38,Cl-/NO3-,POPC,ISE,NaCl,489,7.2,270,,N,,6,2021,Transporter was not active enough to perform Hill analysis.
8,S=C(NCCCCCC)NC1=CC=CC2=C1C=CS2,Cl,1,1,1,DMSO,41,Cl-/NO3-,POPC,ISE,NaCl,489,7.2,270,,N,,6,2021,Transporter was not active enough to perform Hill analysis.
9,O=C(NC1=CSC2C1C=CC=C2)NC3=CSC4=C3C=CC=C4,Cl,1,1,1,DMSO,254,Cl-/NO3-,POPC,ISE,NaCl,489,7.2,270,,N,,6,2021,Transporter was not active enough to perform Hill analysis.
10,S=C(NC1=CSC2C1C=CC=C2)NC3=CSC4=C3C=CC=C4,Cl,1,1,1,DMSO,124,Cl-/NO3-,POPC,ISE,NaCl,489,7.2,270,2.0026,2.0026,,6,2021,Binding and Transport Properties of a Benzo[b]thiophene‐Based Mono‐(thio)urea Library - Moiteiro - 2022 - European Journal of Organic Chemistry - Wiley Online Library
11,O=C(NC1=C(C=CS2)C2=CC=C1)NC3=CC=CC4=C3C=CS4,Cl,1,1,1,DMSO,209,Cl-/NO3-,POPC,ISE,NaCl,489,7.2,270,,N,,6,2021,Transporter was not active enough to perform Hill analysis.
12,S=C(NC1=C(C=CS2)C2=CC=C1)NC3=CC=CC4=C3C=CS4,Cl,1,1,1,DMSO,56,Cl-/NO3-,POPC,ISE,NaCl,489,7.2,270,,N,,6,2021,Transporter was not active enough to perform Hill analysis.
13,O=C(NC1=C(C=CS2)C2=CC=C1)NC3=CSC4=C3C=CC=C4,Cl,1,1,1,DMSO,199,Cl-/NO3-,POPC,ISE,NaCl,489,7.2,270,3.5671,3.5671,,6,2021,Binding and Transport Properties of a Benzo[b]thiophene‐Based Mono‐(thio)urea Library - Moiteiro - 2022 - European Journal of Organic Chemistry - Wiley Online Library
14,O=C(NC1=CC(C=CC=C2)=C2S1)NC3=CSC4=C3C=CC=C4,Cl,1,1,1,DMSO,125,Cl-/NO3-,POPC,ISE,NaCl,489,7.2,270,,N,,6,2021,Transporter was not active enough to perform Hill analysis.
15,O=C(NC1=CC(C=C(C(F)(F)F)C=C2)=C2S1)NC3=CSC4=C3C=CC=C4,Cl,1,1,1,DMSO,180,Cl-/NO3-,POPC,ISE,NaCl,489,7.2,270,0.8219,0.8219,,6,2021,Binding and Transport Properties of a Benzo[b]thiophene‐Based Mono‐(thio)urea Library - Moiteiro - 2022 - European Journal of Organic Chemistry - Wiley Online Library
16,O=C(NC1=CC(C=C(C(F)(F)F)C=C2)=C2S1)NC3=CC=CC4=C3C=CS4,Cl,1,1,1,DMSO,175,Cl-/NO3-,POPC,ISE,NaCl,489,7.2,270,6.3563,6.3563,,6,2021,Binding and Transport Properties of a Benzo[b]thiophene‐Based Mono‐(thio)urea Library - Moiteiro - 2022 - European Journal of Organic Chemistry - Wiley Online Library
17,O=C(NC1=CC(C=CC=C2)=C2S1)NC3=CC4=C(C=CC=C4)S3,Cl,1,1,1,DMSO,54,Cl-/NO3-,POPC,ISE,NaCl,489,7.2,270,,N,,6,2021,Transporter was not active enough to perform Hill analysis.
18,O=C(NC1=CC(C=C(C(F)(F)F)C=C2)=C2S1)NC3=CC4=C(C=CC(C(F)(F)F)=C4)S3,Cl,1,1,1,DMSO,85,Cl-/NO3-,POPC,ISE,NaCl,489,7.2,270,,N,,6,2021,Transporter was not active enough to perform Hill analysis.
19,O=C(NC1=CC(C(F)(F)F)=CC(C(F)(F)F)=C1)NC2=CSC3=C2C=CC=C3,Cl,1,1,1,DMSO,160,Cl-/NO3-,POPC,ISE,NaCl,489,7.2,270,0.424,0.424,,6,2021,Binding and Transport Properties of a Benzo[b]thiophene‐Based Mono‐(thio)urea Library - Moiteiro - 2022 - European Journal of Organic Chemistry - Wiley Online Library
20,O=C(NC1=CC=C(C(OCCCC)=O)C=C1)NC2=CSC3=C2C=CC=C3,Cl,1,1,1,DMSO,219,Cl-/NO3-,POPC,ISE,NaCl,489,7.2,270,,N,,6,2021,Transporter was not active enough to perform Hill analysis.
21,O=C(NC1=CC(C(F)(F)F)=C(C(OCCCC)=O)C=C1)NC2=CSC3=C2C=CC=C3,Cl,1,1,1,DMSO,162,Cl-/NO3-,POPC,ISE,NaCl,489,7.2,270,11.1277,11.1277,,6,2021,Binding and Transport Properties of a Benzo[b]thiophene‐Based Mono‐(thio)urea Library - Moiteiro - 2022 - European Journal of Organic Chemistry - Wiley Online Library
22,O=C(NC1=CC(C(F)(F)F)=C(C(OCCCC(F)(F)F)=O)C=C1)NC2=CSC3=C2C=CC=C3,Cl,1,1,1,DMSO,309,Cl-/NO3-,POPC,ISE,NaCl,489,7.2,270,5.283,5.283,,6,2021,Binding and Transport Properties of a Benzo[b]thiophene‐Based Mono‐(thio)urea Library - Moiteiro - 2022 - European Journal of Organic Chemistry - Wiley Online Library
23,O=C(NC1=CC(C(F)(F)F)=C(C(OCC(F)(F)C(F)(F)C(F)(F)F)=O)C=C1)NC2=CSC3=C2C=CC=C3,Cl,1,1,1,DMSO,199,Cl-/NO3-,POPC,ISE,NaCl,489,7.2,270,7.0825,7.0825,,6,2021,Binding and Transport Properties of a Benzo[b]thiophene‐Based Mono‐(thio)urea Library - Moiteiro - 2022 - European Journal of Organic Chemistry - Wiley Online Library
24,O=C(NC1=CC(C(F)(F)F)=CC(C(F)(F)F)=C1)NC2=CC=CC3=C2C=CS3,Cl,1,1,1,DMSO,139,Cl-/NO3-,POPC,ISE,NaCl,489,7.2,270,1.16,1.16,,6,2021,Binding and Transport Properties of a Benzo[b]thiophene‐Based Mono‐(thio)urea Library - Moiteiro - 2022 - European Journal of Organic Chemistry - Wiley Online Library
1,O=C(NC1=CC=CC=C1)NC2=C(NC(NC3=CC=CC=C3)=O)C=CC=C2,Cl,1,1,1,DMSO,43,Cl-/NO3-,POPC,ISE,NaCl,488,7.2,270,,N,,8,2013,"Chloride, carboxylate and carbonate transport by ortho-phenylenediamine-based bisureas - Chemical Science (RSC Publishing)"
2,O=C(NC1=CC=CC=C1)NC2=C(NC(NC3=CC=CC=C3)=O)C=C(F)C(F)=C2,Cl,1,1,1,DMSO,73,Cl-/NO3-,POPC,ISE,NaCl,488,7.2,270,0.14,0.14,0.9,8,2013,"Chloride, carboxylate and carbonate transport by ortho-phenylenediamine-based bisureas - Chemical Science (RSC Publishing)"
3,O=C(NC1=CC=CC=C1)NC2=C(NC(NC3=CC=CC=C3)=O)C=C(Cl)C(Cl)=C2,Cl,1,1,1,DMSO,67,Cl-/NO3-,POPC,ISE,NaCl,488,7.2,270,0.39,0.39,0.7,8,2013,"Chloride, carboxylate and carbonate transport by ortho-phenylenediamine-based bisureas - Chemical Science (RSC Publishing)"
4,O=C(NC1=CC=C(C#N)C=C1)NC2=C(NC(NC3=CC=C([N+]#[C-])C=C3)=O)C=CC=C2,Cl,1,1,1,DMSO,74,Cl-/NO3-,POPC,ISE,NaCl,488,7.2,270,0.011,0.011,0.7,8,2013,"Chloride, carboxylate and carbonate transport by ortho-phenylenediamine-based bisureas - Chemical Science (RSC Publishing)"
5,O=C(NC1=CC=C(C(F)(F)F)C=C1)NC2=C(NC(NC3=CC=C(C(F)(F)F)C=C3)=O)C=CC=C2,Cl,1,1,1,DMSO,78,Cl-/NO3-,POPC,ISE,NaCl,488,7.2,270,0.018,0.018,1.2,8,2013,"Chloride, carboxylate and carbonate transport by ortho-phenylenediamine-based bisureas - Chemical Science (RSC Publishing)"
6,O=C(NC1=CC=C([N+]([O-])=O)C=C1)NC2=C(NC(NC3=CC=C([N+]([O-])=O)C=C3)=O)C=CC=C2,Cl,1,1,1,DMSO,78,Cl-/NO3-,POPC,ISE,NaCl,488,7.2,270,0.0048,0.0048,0.9,8,2013,"Chloride, carboxylate and carbonate transport by ortho-phenylenediamine-based bisureas - Chemical Science (RSC Publishing)"
7,O=C(NC1=CC([N+]([O-])=O)=CC=C1)NC2=C(NC(NC3=CC=CC([N+]([O-])=O)=C3)=O)C=CC=C2,Cl,1,1,1,DMSO,81,Cl-/NO3-,POPC,ISE,NaCl,488,7.2,270,0.084,0.084,1,8,2013,"Chloride, carboxylate and carbonate transport by ortho-phenylenediamine-based bisureas - Chemical Science (RSC Publishing)"
8,O=C(NC1=C([N+]([O-])=O)C=CC=C1)NC2=C(NC(NC3=CC=CC=C3[N+]([O-])=O)=O)C=CC=C2,Cl,1,1,1,DMSO,<10,Cl-/NO3-,POPC,ISE,NaCl,488,7.2,270,,N,,8,2013,"Chloride, carboxylate and carbonate transport by ortho-phenylenediamine-based bisureas - Chemical Science (RSC Publishing)"
9,O=C(NC1=CC=C(C#N)C=C1)NC2=CC=CC=C2,Cl,1,1,1,DMSO,41,Cl-/NO3-,POPC,ISE,NaCl,488,7.2,270,1.76,1.76,1.8,8,2013,"Chloride, carboxylate and carbonate transport by ortho-phenylenediamine-based bisureas - Chemical Science (RSC Publishing)"
10,O=C(NC1=CC=C(C(F)(F)F)C=C1)NC2=CC=CC=C2,Cl,1,1,1,DMSO,61,Cl-/NO3-,POPC,ISE,NaCl,488,7.2,270,1.8,1.8,2.1,8,2013,"Chloride, carboxylate and carbonate transport by ortho-phenylenediamine-based bisureas - Chemical Science (RSC Publishing)"
11,O=C(NC1=CC=C([N+]([O-])=O)C=C1)NC2=CC=CC=C2,Cl,1,1,1,DMSO,57,Cl-/NO3-,POPC,ISE,NaCl,488,7.2,270,1.05,1.05,1.5,8,2013,"Chloride, carboxylate and carbonate transport by ortho-phenylenediamine-based bisureas - Chemical Science (RSC Publishing)"
1,O=C(NC1=CC=C(C(F)(F)F)C=C1)NC2=C(NC(NC3=CC=C(C(F)(F)F)C=C3)=O)C=CC=C2,Cl,1,1,1,DMSO,78,Cl-/NO3-,POPC,ISE,NaCl,489,7.2,270,0.018,0.018,1.2,9,2014,Highly effective yet simple transmembrane anion transporters based upon ortho-phenylenediamine bis-ureas - Chemical Communications (RSC Publishing)
2,O=C(NC1=CC=C(S(F)(F)(F)(F)F)C=C1)NC2=C(NC(NC3=CC=C(S(F)(F)(F)(F)F)C=C3)=O)C=CC=C2,Cl,1,1,1,DMSO,65,Cl-/NO3-,POPC,ISE,NaCl,489,7.2,270,0.0099,0.0099,1.1,9,2014,Highly effective yet simple transmembrane anion transporters based upon ortho-phenylenediamine bis-ureas - Chemical Communications (RSC Publishing)
3,O=C(NC1=CC=C(C(F)(F)F)C=C1)NC2=C(NC(NC3=CC=C(C(F)(F)F)C=C3)=O)C=C(F)C(F)=C2,Cl,1,1,1,DMSO,50,Cl-/NO3-,POPC,ISE,NaCl,489,7.2,270,0.0015,0.0015,1.1,9,2014,Highly effective yet simple transmembrane anion transporters based upon ortho-phenylenediamine bis-ureas - Chemical Communications (RSC Publishing)
4,O=C(NC1=CC=C(S(F)(F)(F)(F)F)C=C1)NC2=C(NC(NC3=CC=C(S(F)(F)(F)(F)F)C=C3)=O)C=C(F)C(F)=C2,Cl,1,1,1,DMSO,71,Cl-/NO3-,POPC,ISE,NaCl,489,7.2,270,0.003,0.003,1.1,9,2014,Highly effective yet simple transmembrane anion transporters based upon ortho-phenylenediamine bis-ureas - Chemical Communications (RSC Publishing)
5,O=C(NC1=CC=C([N+]([O-])=O)C=C1)NC2=C(NC(NC3=CC=C([N+]([O-])=O)C=C3)=O)C=CC=C2,Cl,1,1,1,DMSO,78,Cl-/NO3-,POPC,ISE,NaCl,489,7.2,270,0.0048,0.0048,0.9,9,2014,Highly effective yet simple transmembrane anion transporters based upon ortho-phenylenediamine bis-ureas - Chemical Communications (RSC Publishing)
6,O=C(NC1=CC=C([N+]([O-])=O)C=C1)NC2=C(NC(NC3=CC=C([N+]([O-])=O)C=C3)=O)C=C(F)C(F)=C2,Cl,1,1,1,DMSO,94,Cl-/NO3-,POPC,ISE,NaCl,489,7.2,270,0.0019,0.0019,1.1,9,2014,Highly effective yet simple transmembrane anion transporters based upon ortho-phenylenediamine bis-ureas - Chemical Communications (RSC Publishing)
7,O=C(NC1=CC(C(F)(F)F)=CC(C(F)(F)F)=C1)NC2=C(NC(NC3=CC(C(F)(F)F)=CC(C(F)(F)F)=C3)=O)C=C(F)C(F)=C2,Cl,1,1,1,DMSO,,Cl-/NO3-,POPC,ISE,NaCl,489,7.2,270,0.0016,0.0016,1.1,9,2014,Highly effective yet simple transmembrane anion transporters based upon ortho-phenylenediamine bis-ureas - Chemical Communications (RSC Publishing)
8,CC(C(CCCCC)=C/1)=NC1=C/C2=C(OC)C=C(N2)C3=CC=CN3,Cl,1,1,1,DMSO,,Cl-/NO3-,POPC,ISE,NaCl,489,7.2,270,0.00064,0.00064,1.3,9,2014,Highly effective yet simple transmembrane anion transporters based upon ortho-phenylenediamine bis-ureas - Chemical Communications (RSC Publishing)
1,O=C(NC1=CC=CC=C1)NC2=CC=CC3=C2NC4=C3C=CC=C4NC(NC5=CC=CC=C5)=O,Cl,1,2,2,DMSO,6,Cl-/NO3-,POPC,ISE,NaCl,487,7.2,300,14.7,14.7,1.02,10,2021,Full article: Carbazole-based bis-ureas and thioureas as electroneutral anion transporters (tandfonline.com)
2,O=C(NC1=CC=C([N+]([O-])=O)C=C1)NC2=CC=CC3=C2NC4=C3C=CC=C4NC(NC5=CC=C([N+]([O-])=O)C=C5)=O,Cl,1,2,2,DMSO,11,Cl-/NO3-,POPC,ISE,NaCl,487,7.2,300,0.108,0.108,0.91,10,2021,Full article: Carbazole-based bis-ureas and thioureas as electroneutral anion transporters (tandfonline.com)
3,O=C(NC1=CC=C(C(F)(F)F)C=C1)NC2=CC=CC3=C2NC4=C3C=CC=C4NC(NC5=CC=C(C(F)(F)F)C=C5)=O,Cl,1,2,2,DMSO,11,Cl-/NO3-,POPC,ISE,NaCl,487,7.2,300,0.208,0.208,1.15,10,2021,Full article: Carbazole-based bis-ureas and thioureas as electroneutral anion transporters (tandfonline.com)
4,O=C(NC1=CC(C(F)(F)F)=CC(C(F)(F)F)=C1)NC2=CC=CC3=C2NC4=C3C=CC=C4NC(NC5=CC(C(F)(F)F)=CC(C(F)(F)F)=C5)=O,Cl,1,2,2,DMSO,12,Cl-/NO3-,POPC,ISE,NaCl,487,7.2,300,0.94,0.94,0.78,10,2021,Full article: Carbazole-based bis-ureas and thioureas as electroneutral anion transporters (tandfonline.com)
5,O=C(NC1=CC=C(S(F)(F)(F)(F)F)C=C1)NC2=CC=CC3=C2NC4=C3C=CC=C4NC(NC5=CC=C(S(F)(F)(F)(F)F)C=C5)=O,Cl,1,2,2,DMSO,12,Cl-/NO3-,POPC,ISE,NaCl,487,7.2,300,0.357,0.357,0.74,10,2021,Full article: Carbazole-based bis-ureas and thioureas as electroneutral anion transporters (tandfonline.com)
6,S=C(NC1=CC=CC=C1)NC2=CC=CC3=C2NC4=C3C=CC=C4NC(NC5=CC=CC=C5)=S,Cl,1,2,2,DMSO,5,Cl-/NO3-,POPC,ISE,NaCl,487,7.2,300,2.56,2.56,0.81,10,2021,Full article: Carbazole-based bis-ureas and thioureas as electroneutral anion transporters (tandfonline.com)
7,S=C(NC1=CC=C([N+]([O-])=O)C=C1)NC2=CC=CC3=C2NC4=C3C=CC=C4NC(NC5=CC=C([N+]([O-])=O)C=C5)=S,Cl,1,2,2,DMSO,6,Cl-/NO3-,POPC,ISE,NaCl,487,7.2,300,0.0352,0.0352,2.11,10,2021,Full article: Carbazole-based bis-ureas and thioureas as electroneutral anion transporters (tandfonline.com)
8,S=C(NC1=CC=C(C(F)(F)F)C=C1)NC2=CC=CC3=C2NC4=C3C=CC=C4NC(NC5=CC=C(C(F)(F)F)C=C5)=S,Cl,1,2,2,DMSO,5,Cl-/NO3-,POPC,ISE,NaCl,487,7.2,300,0.038,0.038,2.2,10,2021,Full article: Carbazole-based bis-ureas and thioureas as electroneutral anion transporters (tandfonline.com)
9,S=C(NC1=CC(C(F)(F)F)=CC(C(F)(F)F)=C1)NC2=CC=CC3=C2NC4=C3C=CC=C4NC(NC5=CC(C(F)(F)F)=CC(C(F)(F)F)=C5)=S,Cl,1,2,2,DMSO,8,Cl-/NO3-,POPC,ISE,NaCl,487,7.2,300,0.0984,0.0984,1.92,10,2021,Full article: Carbazole-based bis-ureas and thioureas as electroneutral anion transporters (tandfonline.com)
10,S=C(NC1=CC=C(S(F)(F)(F)(F)F)C=C1)NC2=CC=CC3=C2NC4=C3C=CC=C4NC(NC5=CC=C(S(F)(F)(F)(F)F)C=C5)=S,Cl,1,2,2,DMSO,4,Cl-/NO3-,POPC,ISE,NaCl,487,7.2,300,0.0864,0.0864,1.81,10,2021,Full article: Carbazole-based bis-ureas and thioureas as electroneutral anion transporters (tandfonline.com)
1,O=C1C2=C(C(NC(NC3=CC=CC=C3)=O)=CC=C2)NC4=C1C=CC=C4NC(NC5=CC=CC=C5)=O,Cl,1,1,1,DMSO,247,Cl-/NO3-,POPC,ISE,NaCl,487,7.2,270,,N,,11,2021,"Dose response studies of compounds 1, 2, 6 and 7 could not be completed due to the insolubility of the receptors in aqueous solution at the required concentrations."
2,O=C1C2=C(C(NC(NC3=CC=C(C(F)(F)F)C=C3)=O)=CC=C2)NC4=C1C=CC=C4NC(NC5=CC=C(C(F)(F)F)C=C5)=O,Cl,1,1,1,DMSO,264,Cl-/NO3-,POPC,ISE,NaCl,487,7.2,270,,N,,11,2021,"Dose response studies of compounds 1, 2, 6 and 7 could not be completed due to the insolubility of the receptors in aqueous solution at the required concentrations."
3,O=C1C2=C(C(NC(NC3=CC=C([N+]([O-])=O)C=C3)=O)=CC=C2)NC4=C1C=CC=C4NC(NC5=CC=C([N+]([O-])=O)C=C5)=O,Cl,1,1,1,DMSO,500,Cl-/NO3-,POPC,ISE,NaCl,487,7.2,270,0.0011,0.0011,1.3,11,2021,Acridinone-based anion transporters - Organic & Biomolecular Chemistry (RSC Publishing) DOI:10.1039/D1OB01545A
4,O=C1C2=C(C(NC(NC3=CC(C(F)(F)F)=CC(C(F)(F)F)=C3)=O)=CC=C2)NC4=C1C=CC=C4NC(NC5=CC(C(F)(F)F)=CC(C(F)(F)F)=C5)=O,Cl,1,1,1,DMSO,357,Cl-/NO3-,POPC,ISE,NaCl,487,7.2,270,0.0068,0.0068,1,11,2021,Acridinone-based anion transporters - Organic & Biomolecular Chemistry (RSC Publishing) DOI:10.1039/D1OB01545A
5,O=C1C2=C(C(NC(NC3=CC=C(S(F)(F)(F)(F)F)C=C3)=O)=CC=C2)NC4=C1C=CC=C4NC(NC5=CC=C(S(F)(F)(F)(F)F)C=C5)=O,Cl,1,1,1,DMSO,328,Cl-/NO3-,POPC,ISE,NaCl,487,7.2,270,0.025,0.025,3.1,11,2021,Acridinone-based anion transporters - Organic & Biomolecular Chemistry (RSC Publishing) DOI:10.1039/D1OB01545A
6,O=C1C2=C(C(NC(NC3=CC=CC=C3)=S)=CC=C2)NC4=C1C=CC=C4NC(NC5=CC=CC=C5)=S,Cl,1,1,1,DMSO,115,Cl-/NO3-,POPC,ISE,NaCl,487,7.2,270,,N,,11,2021,"Dose response studies of compounds 1, 2, 6 and 7 could not be completed due to the insolubility of the receptors in aqueous solution at the required concentrations."
7,O=C1C2=C(C(NC(NC3=CC=C(C(F)(F)F)C=C3)=S)=CC=C2)NC4=C1C=CC=C4NC(NC5=CC=C(C(F)(F)F)C=C5)=S,Cl,1,1,1,DMSO,121,Cl-/NO3-,POPC,ISE,NaCl,487,7.2,270,,N,,11,2021,"Dose response studies of compounds 1, 2, 6 and 7 could not be completed due to the insolubility of the receptors in aqueous solution at the required concentrations."
8,O=C1C2=C(C(NC(NC3=CC=C([N+]([O-])=O)C=C3)=S)=CC=C2)NC4=C1C=CC=C4NC(NC5=CC=C([N+]([O-])=O)C=C5)=S,Cl,1,1,1,DMSO,241,Cl-/NO3-,POPC,ISE,NaCl,487,7.2,270,0.042,0.042,3,11,2021,Acridinone-based anion transporters - Organic & Biomolecular Chemistry (RSC Publishing) DOI:10.1039/D1OB01545A
9,O=C1C2=C(C(NC(NC3=CC(C(F)(F)F)=CC(C(F)(F)F)=C3)=S)=CC=C2)NC4=C1C=CC=C4NC(NC5=CC(C(F)(F)F)=CC(C(F)(F)F)=C5)=S,Cl,1,1,1,DMSO,183,Cl-/NO3-,POPC,ISE,NaCl,487,7.2,270,0.064,0.064,2.6,11,2021,Acridinone-based anion transporters - Organic & Biomolecular Chemistry (RSC Publishing) DOI:10.1039/D1OB01545A
10,O=C1C2=C(C(NC(NC3=CC=C(S(F)(F)(F)(F)F)C=C3)=S)=CC=C2)NC4=C1C=CC=C4NC(NC5=CC=C(S(F)(F)(F)(F)F)C=C5)=S,Cl,1,1,1,DMSO,136,Cl-/NO3-,POPC,ISE,NaCl,487,7.2,270,0.14,0.14,2,11,2021,Acridinone-based anion transporters - Organic & Biomolecular Chemistry (RSC Publishing) DOI:10.1039/D1OB01545A
1,C1(C2=NC(C=CC=C3)=C3N2)=CC=CC(C4=NC5=C(C=CC=C5)N4)=N1,Cl,1,1,1,DMSO,92,Cl-/NO3-,POPC,ISE,KCl,489,7.2,270,,N,,12,2020,Stimuli‐Responsive Cycloaurated “OFF‐ON” Switchable Anion Transporters - Fares - 2020 - Angewandte Chemie International Edition - Wiley Online Library
2,FC(C(C=C1)=CC2=C1NC(C3=CC=CC(C4=NC5=C(C=CC(C(F)(F)F)=C5)N4)=N3)=N2)(F)F,Cl,1,1,1,DMSO,77,Cl-/NO3-,POPC,ISE,KCl,489,7.2,270,0.42,0.42,,12,2020,Stimuli‐Responsive Cycloaurated “OFF‐ON” Switchable Anion Transporters - Fares - 2020 - Angewandte Chemie International Edition - Wiley Online Library
3,FC(C1=CC(C(F)(F)F)=CC(N2)=C1N=C2C3=CC=CC(C4=NC5=C(C=C(C(F)(F)F)C=C5C(F)(F)F)N4)=N3)(F)F,Cl,1,1,1,DMSO,130,Cl-/NO3-,POPC,ISE,KCl,489,7.2,270,0.49,0.49,,12,2020,Stimuli‐Responsive Cycloaurated “OFF‐ON” Switchable Anion Transporters - Fares - 2020 - Angewandte Chemie International Edition - Wiley Online Library
4,FC(C(F)=C1)=CC2=C1NC(C3=CC=CC(C4=NC5=C(C=C(F)C(F)=C5)N4)=N3)=N2,Cl,1,1,1,DMSO,63,Cl-/NO3-,POPC,ISE,KCl,489,7.2,270,0.58,0.58,,12,2020,Stimuli‐Responsive Cycloaurated “OFF‐ON” Switchable Anion Transporters - Fares - 2020 - Angewandte Chemie International Edition - Wiley Online Library
5,O=[N+](C(C=C1)=CC2=C1NC(C3=CC=CC(C4=NC5=C(C=CC([N+]([O-])=O)=C5)N4)=N3)=N2)[O-],Cl,1,1,1,DMSO,,Cl-/NO3-,POPC,ISE,KCl,489,7.2,270,,N,,12,2020,5 was omitted from this study due to its low solubility
1,O=C(NCC1=CC=CS1)NC2=C(NC(NCC3=CC=CS3)=O)C=CC=C2,Cl,1,1,1,DMSO,31.84,Cl-/NO3-,POPC,ISE,NaCl,487,7.2,270,,N,,13,2020,EC50not determined duetothe low transport activity.
2,O=C(NCC1=CC=CS1)NC2=C(NC(NCC3=CC=CS3)=O)C=C(F)C(F)=C2,Cl,1,1,1,DMSO,33.77,Cl-/NO3-,POPC,ISE,NaCl,487,7.2,270,,N,,13,2020,EC50not determined duetothe low transport activity.
3,O=C(NC1=CC=CS1)NC2=C(NC(NC3=CC=CS3)=O)C=CC=C2,Cl,1,1,1,DMSO,31.7,Cl-/NO3-,POPC,ISE,NaCl,487,7.2,270,,N,,13,2020,EC50not determined duetothe low transport activity.
4,O=C(NC1=CC=CS1)NC2=C(NC(NC3=CC=CS3)=O)C=C(F)C(F)=C2,Cl,1,1,1,DMSO,44.06,Cl-/NO3-,POPC,ISE,NaCl,487,7.2,270,0.3875,0.3875,,13,2020,"Development of a Library of Thiophene‐Based Drug‐Like Lego Molecules: Evaluation of Their Anion Binding, Transport Properties, and Cytotoxicity - Vieira - 2020 - Chemistry &#8211; A European Journal - Wiley Online Library"
5,O=C(NC1=CC=CS1)NC2=C(NC(NC3=CC=CS3)=O)C=C(C(F)(F)F)C=C2,Cl,1,1,1,DMSO,44.56,Cl-/NO3-,POPC,ISE,NaCl,487,7.2,270,0.3604,0.3604,,13,2020,"Development of a Library of Thiophene‐Based Drug‐Like Lego Molecules: Evaluation of Their Anion Binding, Transport Properties, and Cytotoxicity - Vieira - 2020 - Chemistry &#8211; A European Journal - Wiley Online Library"
6,O=C(NC1=CSC=C1)NC2=C(NC(NC3=CSC=C3)=O)C=CC=C2,Cl,1,1,1,DMSO,35.16,Cl-/NO3-,POPC,ISE,NaCl,487,7.2,270,,N,,13,2020,EC50not determined duetothe low transport activity.
7,O=C(NC1=CSC=C1)NC2=C(NC(NC3=CSC=C3)=O)C=C(F)C(F)=C2,Cl,1,1,1,DMSO,67.61,Cl-/NO3-,POPC,ISE,NaCl,487,7.2,270,0.3131,0.3131,,13,2020,"Development of a Library of Thiophene‐Based Drug‐Like Lego Molecules: Evaluation of Their Anion Binding, Transport Properties, and Cytotoxicity - Vieira - 2020 - Chemistry &#8211; A European Journal - Wiley Online Library"
8,O=C(NC1=CC2=C(C=CC=C2)S1)NC3=C(NC(NC4=CC(C=CC=C5)=C5S4)=O)C=CC=C3,Cl,1,1,1,DMSO,41.02,Cl-/NO3-,POPC,ISE,NaCl,487,7.2,270,,N,,13,2020,EC50not determined duetothe low transport activity.
9,O=C(NC1=CC2=C(C=CC=C2)S1)NC3=C(NC(NC4=CC(C=CC=C5)=C5S4)=O)C=C(F)C(F)=C3,Cl,1,1,1,DMSO,47.53,Cl-/NO3-,POPC,ISE,NaCl,487,7.2,270,0.6827,0.6827,,13,2020,"Development of a Library of Thiophene‐Based Drug‐Like Lego Molecules: Evaluation of Their Anion Binding, Transport Properties, and Cytotoxicity - Vieira - 2020 - Chemistry &#8211; A European Journal - Wiley Online Library"
10,O=C(NC1=CC2=C(C=CC(C(F)(F)F)=C2)S1)NC3=C(NC(NC4=CC(C=C(C(F)(F)F)C=C5)=C5S4)=O)C=CC=C3,Cl,1,1,1,DMSO,57.41,Cl-/NO3-,POPC,ISE,NaCl,487,7.2,270,,N,,13,2020,EC50not determined duetothe low transport activity.
11,O=C(NC1=CC2=C(C=CC(C(F)(F)F)=C2)S1)NC3=C(NC(NC4=CC(C=C(C(F)(F)F)C=C5)=C5S4)=O)C=C(F)C(F)=C3,Cl,1,1,1,DMSO,70.79,Cl-/NO3-,POPC,ISE,NaCl,487,7.2,270,0.4379,0.4379,,13,2020,"Development of a Library of Thiophene‐Based Drug‐Like Lego Molecules: Evaluation of Their Anion Binding, Transport Properties, and Cytotoxicity - Vieira - 2020 - Chemistry &#8211; A European Journal - Wiley Online Library"
12,O=C(NC1=CC2=C(C=CC=C2C(F)(F)F)S1)NC3=C(NC(NC4=CC(C(C(F)(F)F)=CC=C5)=C5S4)=O)C=CC=C3,Cl,1,1,1,DMSO,66.07,Cl-/NO3-,POPC,ISE,NaCl,487,7.2,270,,N,,13,2020,EC50not determined duetothe low transport activity.
13,O=C(NC1=CC2=C(C=CC=C2C(F)(F)F)S1)NC3=C(NC(NC4=CC(C(C(F)(F)F)=CC=C5)=C5S4)=O)C=C(F)C(F)=C3,Cl,1,1,1,DMSO,74.13,Cl-/NO3-,POPC,ISE,NaCl,487,7.2,270,,N,,13,2020,EC50not determined duetothe low transport activity.
14,O=C(NC1=CSC2=C1C=CC=C2)NC3=C(NC(NC4=CSC5=C4C=CC=C5)=O)C=CC=C3,Cl,1,1,1,DMSO,114.29,Cl-/NO3-,POPC,ISE,NaCl,487,7.2,270,0.1722,0.1722,,13,2020,"Development of a Library of Thiophene‐Based Drug‐Like Lego Molecules: Evaluation of Their Anion Binding, Transport Properties, and Cytotoxicity - Vieira - 2020 - Chemistry &#8211; A European Journal - Wiley Online Library"
15,O=C(NC1=CSC2=C1C=CC=C2)NC3=C(NC(NC4=CSC5=C4C=CC=C5)=O)C=C(F)C(F)=C3,Cl,1,1,1,DMSO,163.68,Cl-/NO3-,POPC,ISE,NaCl,487,7.2,270,0.0089,0.0089,,13,2020,"Development of a Library of Thiophene‐Based Drug‐Like Lego Molecules: Evaluation of Their Anion Binding, Transport Properties, and Cytotoxicity - Vieira - 2020 - Chemistry &#8211; A European Journal - Wiley Online Library"
16,O=C(NC1=CC=CC2=C1C=CS2)NC3=C(NC(NC4=CC=CC5=C4C=CS5)=O)C=CC=C3,Cl,1,1,1,DMSO,139.96,Cl-/NO3-,POPC,ISE,NaCl,487,7.2,270,,N,,13,2020,EC50not determined duetothe low transport activity.
17,O=C(NC1=CC=CC2=C1C=CS2)NC3=C(NC(NC4=CC=CC5=C4C=CS5)=O)C=C(F)C(F)=C3,Cl,1,1,1,DMSO,207.49,Cl-/NO3-,POPC,ISE,NaCl,487,7.2,270,0.0194,0.0194,,13,2020,"Development of a Library of Thiophene‐Based Drug‐Like Lego Molecules: Evaluation of Their Anion Binding, Transport Properties, and Cytotoxicity - Vieira - 2020 - Chemistry &#8211; A European Journal - Wiley Online Library"
1d,CC1=C(NC(C)=C1)/C=N/C2=CC(CCCCC)=CC3=C2NC=C3,Cl,1,1,1,DMSO,605,Cl-/NO3-,POPC,ISE,NaCl,489,7.2,270,0.122,0.122,1.2,14,2017,Indole-based perenosins as highly potent HCl transporters and potential anti-cancer agents | Scientific Reports (nature.com)
2,CC1=CC(C=C(CCCCC)N2)=C2C(/N=C/C3=C(C)C=C(C)N3)=C1,Cl,1,1,1,DMSO,2450,Cl-/NO3-,POPC,ISE,NaCl,489,7.2,270,0.0043,0.0043,1.3,14,2017,Indole-based perenosins as highly potent HCl transporters and potential anti-cancer agents | Scientific Reports (nature.com)
3,CC1=C(NC(C)=C1)/C=N/C2=CC(C(F)(F)F)=CC3=C2NC(CCCCC)=C3,Cl,1,1,1,DMSO,3440,Cl-/NO3-,POPC,ISE,NaCl,489,7.2,270,,N,,14,2017,EC50 not determined by ISE due to poor solubility
4,CC1=CC(C=C(CCC)N2)=C2C(/N=C/C3=C(C)C=C(C)N3)=C1,Cl,1,1,1,DMSO,3440,Cl-/NO3-,POPC,ISE,NaCl,489,7.2,270,0.0111,0.0111,1.1,14,2017,Indole-based perenosins as highly potent HCl transporters and potential anti-cancer agents | Scientific Reports (nature.com)
5,CC1=CC(C=CN2)=C2C(/N=C/C3=C(C)C(CCCCC)=C(C)N3)=C1,Cl,1,1,1,DMSO,2610,Cl-/NO3-,POPC,ISE,NaCl,489,7.2,270,0.0227,0.0227,1.3,14,2017,Indole-based perenosins as highly potent HCl transporters and potential anti-cancer agents | Scientific Reports (nature.com)
6,CC1=CC(C=C(CCCCC)N2)=C2C(/N=C/C3=C(C)C(CCCCC)=C(C)N3)=C1,Cl,1,1,1,DMSO,78300,Cl-/NO3-,POPC,ISE,NaCl,489,7.2,270,0.0852,0.0852,0.3,14,2017,Indole-based perenosins as highly potent HCl transporters and potential anti-cancer agents | Scientific Reports (nature.com)
7,CC1=C(NC2=C1C=CC=C2)/C=N/C3=CC(CCCCC)=CC4=C3NC=C4,Cl,1,1,1,DMSO,157,Cl-/NO3-,POPC,ISE,NaCl,489,7.2,270,,N,,14,2017,Weak transport ability where EC50 for Cl−/NO3 − by ISE is larger than 10 mol%
8,CC1=CC(C=C(CCCCC)N2)=C2C(/N=C/C3=C(C)C4=C(C=CC=C4)N3)=C1,Cl,1,1,1,DMSO,142,Cl-/NO3-,POPC,ISE,NaCl,489,7.2,270,,N,,14,2017,Weak transport ability where EC50 for Cl−/NO3 − by ISE is larger than 10 mol%
L1,O=C(NC1=C(NC(NC2=C([N+]([O-])=O)C=CC=C2)=O)C=CC=C1)NC3=CC=CC=C3NC(NC4=CC=CC=C4[N+]([O-])=O)=O,Cl,1,1,1,DMSO,<10,Cl-/NO3-,POPC,ISE,NaCl,489,7.2,270,,N,,15,2016,all the compounds except L1 (i.e.L2–L9) (at 2 mol% with respect to lipid) were capable of mediating chloride transport.
L2,O=C(NC1=C(NC(NC2=CC([N+]([O-])=O)=CC=C2)=O)C=CC=C1)NC3=CC=CC=C3NC(NC4=CC=CC([N+]([O-])=O)=C4)=O,Cl,1,1,1,DMSO,<10,Cl-/NO3-,POPC,ISE,NaCl,489,7.2,270,0.095,0.095,1.207,15,2016,Tris-ureas as transmembrane anion transporters - Dalton Transactions (RSC Publishing) DOI:10.1039/C6DT02046A
L3,O=C(NC1=C(NC(NC2=CC=C([N+]([O-])=O)C=C2)=O)C=CC=C1)NC3=CC=CC=C3NC(NC4=CC=C([N+]([O-])=O)C=C4)=O,Cl,1,1,1,DMSO,<10,Cl-/NO3-,POPC,ISE,NaCl,489,7.2,270,0.047,0.047,1.67,15,2016,Tris-ureas as transmembrane anion transporters - Dalton Transactions (RSC Publishing) DOI:10.1039/C6DT02046A
L4,O=C(NC1=C(NC(NC2=CC=C(C(F)(F)F)C=C2)=O)C=CC=C1)NC3=CC=CC=C3NC(NC4=CC=C(C(F)(F)F)C=C4)=O,Cl,1,1,1,DMSO,262,Cl-/NO3-,POPC,ISE,NaCl,489,7.2,270,0.039,0.039,1.07,15,2016,Tris-ureas as transmembrane anion transporters - Dalton Transactions (RSC Publishing) DOI:10.1039/C6DT02046A
L5,O=C(NC1=C(NC(NC2=CC(C(F)(F)F)=CC(C(F)(F)F)=C2)=O)C=CC=C1)NC3=CC=CC=C3NC(NC4=CC(C(F)(F)F)=CC(C(F)(F)F)=C4)=O,Cl,1,1,1,DMSO,<10,Cl-/NO3-,POPC,ISE,NaCl,489,7.2,270,0.066,0.066,0.88,15,2016,Tris-ureas as transmembrane anion transporters - Dalton Transactions (RSC Publishing) DOI:10.1039/C6DT02046A
L6,O=C(NC1=C(NC(NC2=CC=C(F)C=C2)=O)C=CC=C1)NC3=CC=CC=C3NC(NC4=CC=C(F)C=C4)=O,Cl,1,1,1,DMSO,205,Cl-/NO3-,POPC,ISE,NaCl,489,7.2,270,0.1,0.1,1.39,15,2016,Tris-ureas as transmembrane anion transporters - Dalton Transactions (RSC Publishing) DOI:10.1039/C6DT02046A
L7,O=C(NC1=C(NC(NC2=CC=C(C)C=C2)=O)C=CC=C1)NC3=CC=CC=C3NC(NC4=CC=C(C)C=C4)=O,Cl,1,1,1,DMSO,226,Cl-/NO3-,POPC,ISE,NaCl,489,7.2,270,0.6,0.6,0.96,15,2016,Tris-ureas as transmembrane anion transporters - Dalton Transactions (RSC Publishing) DOI:10.1039/C6DT02046A
L8,O=C(NC1=C(NC(NC2=C(OC)C=CC=C2)=O)C=CC=C1)NC3=CC=CC=C3NC(NC4=CC=CC=C4OC)=O,Cl,1,1,1,DMSO,28,Cl-/NO3-,POPC,ISE,NaCl,489,7.2,270,4.98,4.98,1.29,15,2016,Tris-ureas as transmembrane anion transporters - Dalton Transactions (RSC Publishing) DOI:10.1039/C6DT02046A
L9,O=C(NC1=C(NC(NC2=CC=C(OC)C=C2)=O)C=CC=C1)NC3=CC=CC=C3NC(NC4=CC=C(OC)C=C4)=O,Cl,1,1,1,DMSO,225,Cl-/NO3-,POPC,ISE,NaCl,489,7.2,270,1.96,1.96,0.88,15,2016,Tris-ureas as transmembrane anion transporters - Dalton Transactions (RSC Publishing) DOI:10.1039/C6DT02046A
1a,CC(C=C(C)N1)=C1/C=N/C2=C(NC=C3)C3=CC=C2,Cl,1,1,1,DMSO,<5,Cl-/NO3-,POPC,ISE,NaCl,489,7.2,270,0.0773,0.0773,1.11,16,2016,Perenosins: a new class of anion transporter with anti-cancer activity - Organic & Biomolecular Chemistry (RSC Publishing) DOI:10.1039/C6OB00002A
1b,CC(C=C(C)N1)=C1/C=N/C2=C(NC=C3)C3=CC(C(F)(F)F)=C2,Cl,1,1,1,DMSO,6.98,Cl-/NO3-,POPC,ISE,NaCl,489,7.2,270,1.1922,1.1922,1.52,16,2016,Perenosins: a new class of anion transporter with anti-cancer activity - Organic & Biomolecular Chemistry (RSC Publishing) DOI:10.1039/C6OB00002A
1c,CC1=CC(/N=C/C2=C(C)C=C(C)N2)=C(NC=C3)C3=C1,Cl,1,1,1,DMSO,<5,Cl-/NO3-,POPC,ISE,NaCl,489,7.2,270,0.0301,0.0301,1,16,2016,Perenosins: a new class of anion transporter with anti-cancer activity - Organic & Biomolecular Chemistry (RSC Publishing) DOI:10.1039/C6OB00002A
1d,CC(C=C(C)N1)=C1/C=N/C2=C(NC=C3)C3=CC(CCCCC)=C2,Cl,1,1,1,DMSO,<5,Cl-/NO3-,POPC,ISE,NaCl,489,7.2,270,0.0299,0.0299,1,16,2016,Perenosins: a new class of anion transporter with anti-cancer activity - Organic & Biomolecular Chemistry (RSC Publishing) DOI:10.1039/C6OB00002A
1e,CC(C=C(C)N1)=C1/C=N/C2=C(NC=C3)C3=CC(OC)=C2,Cl,1,1,1,DMSO,<5,Cl-/NO3-,POPC,ISE,NaCl,489,7.2,270,0.1859,0.1859,1.33,16,2016,Perenosins: a new class of anion transporter with anti-cancer activity - Organic & Biomolecular Chemistry (RSC Publishing) DOI:10.1039/C6OB00002A
2,CC(C=C(C)N1)=C1/C=N/C2=C(NC=N3)C3=CC=C2,Cl,1,1,1,DMSO,,Cl-/NO3-,POPC,ISE,NaCl,489,7.2,270,6.4084,6.4084,1.93,16,2016,Perenosins: a new class of anion transporter with anti-cancer activity - Organic & Biomolecular Chemistry (RSC Publishing) DOI:10.1039/C6OB00002A
3,CC(C=C(C)N1)=C1/C=N/C2=C(NN=C3)C3=CC=C2,Cl,1,1,1,DMSO,<5,Cl-/NO3-,POPC,ISE,NaCl,489,7.2,270,5.4305,5.4305,2.21,16,2016,Perenosins: a new class of anion transporter with anti-cancer activity - Organic & Biomolecular Chemistry (RSC Publishing) DOI:10.1039/C6OB00002A
Prodigiosin,CC1=C(CCCCC)C=C(N1)/C=C(C(OC)=C2)\N=C2C3=CC=CN3,Cl,1,1,1,,,Cl-/NO3-,POPC,ISE,NaCl,489,7.2,270,0.0002,0.0002,1,16,2016,Equilibrium and Kinetics of Rotamer Interconversion in Immunosuppressant Prodigiosin Derivatives in Solution - ScienceDirect
1,O=C1N(CCCCC)C(C2=C3C1=CC=CC3=C(NC(NCCCCC)=O)C=C2)=O,Cl,1,1,1,DMSO,31,Cl-/NO3-,POPC,ISE,NaCl,489,7.2,270,,N,,17,2016,Hill analysis not performed due to low transport activity and/or compound solubility
2,O=C1N(CCCCC)C(C2=C3C1=CC=CC3=C(NC(NCCCCC)=S)C=C2)=O,Cl,1,1,1,DMSO,41,Cl-/NO3-,POPC,ISE,NaCl,489,7.2,270,0.42,0.42,0.9,17,2016,Fluorescent transmembrane anion transporters: shedding light on anionophoric activity in cells - Chemical Science (RSC Publishing) DOI:10.1039/C6SC01643J
3,O=C1N(CCCCC)C(C2=C3C1=CC=CC3=C(NC(NC4=CC=C(C(F)(F)F)C=C4)=O)C=C2)=O,Cl,1,1,1,DMSO,187,Cl-/NO3-,POPC,ISE,NaCl,489,7.2,270,,N,,17,2016,Hill analysis not performed due to low transport activity and/or compound solubility
4,O=C1N(CCCCC)C(C2=C3C1=CC=CC3=C(NC(NC4=CC=C(C(F)(F)F)C=C4)=S)C=C2)=O,Cl,1,1,1,DMSO,49,Cl-/NO3-,POPC,ISE,NaCl,489,7.2,270,0.45,0.45,1.72,17,2016,Fluorescent transmembrane anion transporters: shedding light on anionophoric activity in cells - Chemical Science (RSC Publishing) DOI:10.1039/C6SC01643J
5,O=C1N(CCCCC)C(C2=C3C1=CC=CC3=C(NC(NC4=CC(C(F)(F)F)=CC(C(F)(F)F)=C4)=O)C=C2)=O,Cl,1,1,1,DMSO,175,Cl-/NO3-,POPC,ISE,NaCl,489,7.2,270,,N,,17,2016,Hill analysis not performed due to low transport activity and/or compound solubility
6,O=C1N(CCCCC)C(C2=C3C1=CC=CC3=C(NC(NC4=CC(C(F)(F)F)=CC(C(F)(F)F)=C4)=S)C=C2)=O,Cl,1,1,1,DMSO,53,Cl-/NO3-,POPC,ISE,NaCl,489,7.2,270,1.35,1.35,1.13,17,2016,Fluorescent transmembrane anion transporters: shedding light on anionophoric activity in cells - Chemical Science (RSC Publishing) DOI:10.1039/C6SC01643J
1,O=C1C(NC2=CC=C(C(F)(F)F)C=C2)=C(NC3=CC=C(C(F)(F)F)C=C3)C1=O,Cl,1,1,1,DMSO,458,Cl-/NO3-,POPC,ISE,NaCl,489,7.2,270,0.06,0.06,,18,2015,pH switchable anion transport by an oxothiosquaramide - Chemical Communications (RSC Publishing) DOI:10.1039/C5CC03625A
2,S=C1C(NC2=CC=C(C(F)(F)F)C=C2)=C(NC3=CC=C(C(F)(F)F)C=C3)C1=S,Cl,1,1,1,DMSO,60,Cl-/NO3-,POPC,ISE,NaCl,489,7.2,270,0.68,0.68,,18,2015,pH switchable anion transport by an oxothiosquaramide - Chemical Communications (RSC Publishing) DOI:10.1039/C5CC03625A
3,S=C1C(NC2=CC=C(C(F)(F)F)C=C2)=C(NC3=CC=C(C(F)(F)F)C=C3)C1=O,Cl,1,1,1,DMSO,470,Cl-/NO3-,POPC,ISE,NaCl,489,7.2,270,0.22,0.22,,18,2015,pH switchable anion transport by an oxothiosquaramide - Chemical Communications (RSC Publishing) DOI:10.1039/C5CC03625A
1,O=C1C(NC2=CC=C(C(F)(F)F)C=C2)=C(NC3=CC=C(C(F)(F)F)C=C3)C1=O,Cl,1,1,1,DMSO,458,Cl-/NO3-,POPC,ISE,NaCl,489,4,270,0.08,0.08,,18,2015,pH switchable anion transport by an oxothiosquaramide - Chemical Communications (RSC Publishing) DOI:10.1039/C5CC03625A
2,S=C1C(NC2=CC=C(C(F)(F)F)C=C2)=C(NC3=CC=C(C(F)(F)F)C=C3)C1=S,Cl,1,1,1,DMSO,60,Cl-/NO3-,POPC,ISE,NaCl,489,4,270,0.0125,0.0125,,18,2015,pH switchable anion transport by an oxothiosquaramide - Chemical Communications (RSC Publishing) DOI:10.1039/C5CC03625A
3,S=C1C(NC2=CC=C(C(F)(F)F)C=C2)=C(NC3=CC=C(C(F)(F)F)C=C3)C1=O,Cl,1,1,1,DMSO,470,Cl-/NO3-,POPC,ISE,NaCl,489,4,270,0.03,0.03,,18,2015,pH switchable anion transport by an oxothiosquaramide - Chemical Communications (RSC Publishing) DOI:10.1039/C5CC03625A
L1,O=C(NC1=CC=C(C(F)(F)F)C=C1)NCC2=CC=CC(CNC(NC3=CC=C(C(F)(F)F)C=C3)=O)=C2,Cl,1,1,1,DMSO,32,Cl-/NO3-,POPC,ISE,NaCl,489,7.2,270,,N,,19,2015,We found that all the compounds except L1 (i.e.L2–L6) were capable of mediating chloride transport under these conditions
L2,O=C(NC1=CC=C(C(F)(F)F)C=C1)NCC2=CC=CC(CNC(NC3=CC=C(C(F)(F)F)C=C3)=O)=N2,Cl,1,1,1,DMSO,141,Cl-/NO3-,POPC,ISE,NaCl,489,7.2,270,3.6,3.6,1.2,19,2015,"Anion complexation, transport and structural studies of a series of bis-methylurea compounds - Dalton Transactions (RSC Publishing) DOI:10.1039/C4DT02893G"
L3,O=C(NC1=CC(C(F)(F)F)=CC(C(F)(F)F)=C1)NCC2=CC=CC(CNC(NC3=CC(C(F)(F)F)=CC(C(F)(F)F)=C3)=O)=C2,Cl,1,1,1,DMSO,35,Cl-/NO3-,POPC,ISE,NaCl,489,7.2,270,2.8,2.8,1.6,19,2015,"Anion complexation, transport and structural studies of a series of bis-methylurea compounds - Dalton Transactions (RSC Publishing) DOI:10.1039/C4DT02893G"
L4,O=C(NC1=CC(C(F)(F)F)=CC(C(F)(F)F)=C1)NCC2=CC=CC(CNC(NC3=CC(C(F)(F)F)=CC(C(F)(F)F)=C3)=O)=N2,Cl,1,1,1,DMSO,168,Cl-/NO3-,POPC,ISE,NaCl,489,7.2,270,1.3,1.3,1.1,19,2015,"Anion complexation, transport and structural studies of a series of bis-methylurea compounds - Dalton Transactions (RSC Publishing) DOI:10.1039/C4DT02893G"
L5,O=C(NC1=CC=C([N+]([O-])=O)C=C1)NCC2=CC=CC(CNC(NC3=CC=C([N+]([O-])=O)C=C3)=O)=C2,Cl,1,1,1,DMSO,44,Cl-/NO3-,POPC,ISE,NaCl,489,7.2,270,1,1,0.9,19,2015,"Anion complexation, transport and structural studies of a series of bis-methylurea compounds - Dalton Transactions (RSC Publishing) DOI:10.1039/C4DT02893G"
L6,O=C(NC1=CC=C([N+]([O-])=O)C=C1)NCC2=CC=CC(CNC(NC3=CC=C([N+]([O-])=O)C=C3)=O)=N2,Cl,1,1,1,DMSO,229,Cl-/NO3-,POPC,ISE,NaCl,489,7.2,270,0.2,0.2,1.1,19,2015,"Anion complexation, transport and structural studies of a series of bis-methylurea compounds - Dalton Transactions (RSC Publishing) DOI:10.1039/C4DT02893G"
6a,S=C(NCCCCCCN1)NCC2=CN(N=N2)C3=CC=CC(N4C=C(CNC1=S)N=N4)=N3,Cl,1,1,1,DMSO,37.15,Cl-/NO3-,POPC,ISE,NaCl,489,7.2,270,2.7,2.7,1.2,20,2015,"Anion binding and transport properties of cyclic 2,6-bis(1,2,3-triazol-1-yl)pyridines - Organic & Biomolecular Chemistry (RSC Publishing)"
6b,S=C(NCCCCCCCN1)NCC2=CN(N=N2)C3=CC=CC(N4C=C(CNC1=S)N=N4)=N3,Cl,1,1,1,DMSO,56.23,Cl-/NO3-,POPC,ISE,NaCl,489,7.2,270,0.7,0.7,1,20,2015,"Anion binding and transport properties of cyclic 2,6-bis(1,2,3-triazol-1-yl)pyridines - Organic & Biomolecular Chemistry (RSC Publishing)"
6c,S=C(NCCCCCCCCN1)NCC2=CN(N=N2)C3=CC=CC(N4C=C(CNC1=S)N=N4)=N3,Cl,1,1,1,DMSO,57.54,Cl-/NO3-,POPC,ISE,NaCl,489,7.2,270,3,3,1.1,20,2015,"Anion binding and transport properties of cyclic 2,6-bis(1,2,3-triazol-1-yl)pyridines - Organic & Biomolecular Chemistry (RSC Publishing)"
6d,S=C(NCCCCCCCCCN1)NCC2=CN(N=N2)C3=CC=CC(N4C=C(CNC1=S)N=N4)=N3,Cl,1,1,1,DMSO,47.86,Cl-/NO3-,POPC,ISE,NaCl,489,7.2,270,4.4,4.4,0.7,20,2015,"Anion binding and transport properties of cyclic 2,6-bis(1,2,3-triazol-1-yl)pyridines - Organic & Biomolecular Chemistry (RSC Publishing)"
6e,S=C(NCCCCCCCCCCN1)NCC2=CN(N=N2)C3=CC=CC(N4C=C(CNC1=S)N=N4)=N3,Cl,1,1,1,DMSO,37.15,Cl-/NO3-,POPC,ISE,NaCl,489,7.2,270,10,10,0.7,20,2015,"Anion binding and transport properties of cyclic 2,6-bis(1,2,3-triazol-1-yl)pyridines - Organic & Biomolecular Chemistry (RSC Publishing)"
6f,S=C(NCCCCCCCCCCCCN1)NCC2=CN(N=N2)C3=CC=CC(N4C=C(CNC1=S)N=N4)=N3,Cl,1,1,1,DMSO,30.9,Cl-/NO3-,POPC,ISE,NaCl,489,7.2,270,48,48,0.7,20,2015,"Anion binding and transport properties of cyclic 2,6-bis(1,2,3-triazol-1-yl)pyridines - Organic & Biomolecular Chemistry (RSC Publishing)"
1,S=C(NCCCCCC)NC1=CC=CC=C1,Cl,,,,,,Cl-/NO3-,POPC,ISE,NaCl,489,7.2,270,2.7,2.7,0.9,21,2014,Acylthioureas as anion transporters: the effect of intramolecular hydrogen bonding - Organic & Biomolecular Chemistry (RSC Publishing)
2,S=C(NCCCCCC)NC1=CC=C(C(F)(F)F)C=C1,Cl,,,,,,Cl-/NO3-,POPC,ISE,NaCl,489,7.2,270,0.44,0.44,1.58,21,2014,Acylthioureas as anion transporters: the effect of intramolecular hydrogen bonding - Organic & Biomolecular Chemistry (RSC Publishing)
3,S=C(NCCCCCC)NC1=CC=C(OC)C=C1,Cl,,,,,,Cl-/NO3-,POPC,ISE,NaCl,489,7.2,270,5.5,5.5,1.26,21,2014,Acylthioureas as anion transporters: the effect of intramolecular hydrogen bonding - Organic & Biomolecular Chemistry (RSC Publishing)
4,S=C(NCCCCCC)NC1=CC=C(CCCCC)C=C1,Cl,,,,,,Cl-/NO3-,POPC,ISE,NaCl,489,7.2,270,0.08,0.08,0.86,21,2014,Acylthioureas as anion transporters: the effect of intramolecular hydrogen bonding - Organic & Biomolecular Chemistry (RSC Publishing)
5,S=C(NCCCCCC)NC(C1=CC=CC=C1)=O,Cl,,,,,,Cl-/NO3-,POPC,ISE,NaCl,489,7.2,270,0.33,0.33,2.07,21,2014,Acylthioureas as anion transporters: the effect of intramolecular hydrogen bonding - Organic & Biomolecular Chemistry (RSC Publishing)
6,S=C(NCCCCCC)NC(C1=CC=C(C(F)(F)F)C=C1)=O,Cl,,,,,,Cl-/NO3-,POPC,ISE,NaCl,489,7.2,270,0.69,0.69,2.76,21,2014,Acylthioureas as anion transporters: the effect of intramolecular hydrogen bonding - Organic & Biomolecular Chemistry (RSC Publishing)
7,S=C(NCCCCCC)NC(C1=CC=C(OC)C=C1)=O,Cl,,,,,,Cl-/NO3-,POPC,ISE,NaCl,489,7.2,270,0.28,0.28,2.03,21,2014,Acylthioureas as anion transporters: the effect of intramolecular hydrogen bonding - Organic & Biomolecular Chemistry (RSC Publishing)
8,S=C(NCCCCCC)NC(C1=CC=C(CCCCC)C=C1)=O,Cl,,,,,,Cl-/NO3-,POPC,ISE,NaCl,489,7.2,270,1.1,1.1,2.3,21,2014,Acylthioureas as anion transporters: the effect of intramolecular hydrogen bonding - Organic & Biomolecular Chemistry (RSC Publishing)
1,O=C(NCCCCCC)NC1=CC=CC2=C1NC=C2,Cl,1,1,1,DMSO,64,Cl-/NO3-,POPC,ISE,NaCl,489,7.2,270,,N,,22,2012,Towards “drug-like” indole-based transmembrane anion transporters - Chemical Science (RSC Publishing)
2,S=C(NCCCCCC)NC1=CC=CC2=C1NC=C2,Cl,1,1,1,DMSO,17,Cl-/NO3-,POPC,ISE,NaCl,489,7.2,270,0.029,0.029,0.8,22,2012,Towards “drug-like” indole-based transmembrane anion transporters - Chemical Science (RSC Publishing)
3,O=C(NCCCCCC)NC1=CC(C(F)(F)F)=CC2=C1NC(CCCC)=C2,Cl,1,1,1,DMSO,154,Cl-/NO3-,POPC,ISE,NaCl,489,7.2,270,0.47,0.47,1.3,22,2012,Towards “drug-like” indole-based transmembrane anion transporters - Chemical Science (RSC Publishing)
4,S=C(NCCCCCC)NC1=CC(C(F)(F)F)=CC2=C1NC(CCCC)=C2,Cl,1,1,1,DMSO,40,Cl-/NO3-,POPC,ISE,NaCl,489,7.2,270,0.016,0.016,1.7,22,2012,Towards “drug-like” indole-based transmembrane anion transporters - Chemical Science (RSC Publishing)
5,O=C(NC1=CC=CC=C1)NC2=CC=CC3=C2NC=C3,Cl,1,1,1,DMSO,95,Cl-/NO3-,POPC,ISE,NaCl,489,7.2,270,,N,,22,2012,Towards “drug-like” indole-based transmembrane anion transporters - Chemical Science (RSC Publishing)
6,S=C(NC1=CC=CC=C1)NC2=CC=CC3=C2NC=C3,Cl,1,1,1,DMSO,25,Cl-/NO3-,POPC,ISE,NaCl,489,7.2,270,,N,,22,2012,Towards “drug-like” indole-based transmembrane anion transporters - Chemical Science (RSC Publishing)
7,O=C(NC1=CC=C(C(F)(F)F)C=C1)NC2=CC=CC3=C2NC=C3,Cl,1,1,1,DMSO,101,Cl-/NO3-,POPC,ISE,NaCl,489,7.2,270,1.1,1.1,1.6,22,2012,Towards “drug-like” indole-based transmembrane anion transporters - Chemical Science (RSC Publishing)
8,S=C(NC1=CC=C(C(F)(F)F)C=C1)NC2=CC=CC3=C2NC=C3,Cl,1,1,1,DMSO,26,Cl-/NO3-,POPC,ISE,NaCl,489,7.2,270,2.6,2.6,1.2,22,2012,Towards “drug-like” indole-based transmembrane anion transporters - Chemical Science (RSC Publishing)
9,O=C(NCCCCCC)NC1=CC=CC=C1,Cl,1,1,1,DMSO,16,Cl-/NO3-,POPC,ISE,NaCl,489,7.2,270,,N,,22,2012,Towards “drug-like” indole-based transmembrane anion transporters - Chemical Science (RSC Publishing)
10,S=C(NCCCCCC)NC1=CC=CC=C1,Cl,1,1,1,DMSO,14,Cl-/NO3-,POPC,ISE,NaCl,489,7.2,270,2.5,2.5,0.9,22,2012,Towards “drug-like” indole-based transmembrane anion transporters - Chemical Science (RSC Publishing)
11,O=C(NCCCCCC)NC1=CC=C(C(F)(F)F)C=C1,Cl,1,1,1,DMSO,23,Cl-/NO3-,POPC,ISE,NaCl,489,7.2,270,1.4,1.4,2.4,22,2012,Towards “drug-like” indole-based transmembrane anion transporters - Chemical Science (RSC Publishing)
12,S=C(NCCCCCC)NC1=CC=C(C(F)(F)F)C=C1,Cl,1,1,1,DMSO,26,Cl-/NO3-,POPC,ISE,NaCl,489,7.2,270,0.44,0.44,1.6,22,2012,Towards “drug-like” indole-based transmembrane anion transporters - Chemical Science (RSC Publishing)
3,O=C(NCCCC)NCCC(C)C,Cl,1,1,1,DMSO,<10,Cl-/NO3-,POPC,ISE,NaCl,489,7.2,270,,N,,23,2011,Structurally simple lipid bilayer transport agents for chloride and bicarbonate - Chemical Science (RSC Publishing)
4,S=C(NCCCC)NCCC(C)C,Cl,1,1,1,DMSO,10,Cl-/NO3-,POPC,ISE,NaCl,489,7.2,270,0.109,0.109,,23,2011,Structurally simple lipid bilayer transport agents for chloride and bicarbonate - Chemical Science (RSC Publishing)
5,O=C(NC1=CC=CC=C1)NCCC(C)C,Cl,1,1,1,DMSO,21,Cl-/NO3-,POPC,ISE,NaCl,489,7.2,270,,N,,23,2011,Structurally simple lipid bilayer transport agents for chloride and bicarbonate - Chemical Science (RSC Publishing)
6,S=C(NC1=CC=CC=C1)NCCC(C)C,Cl,1,1,1,DMSO,22,Cl-/NO3-,POPC,ISE,NaCl,489,7.2,270,3.047,3.047,,23,2011,Structurally simple lipid bilayer transport agents for chloride and bicarbonate - Chemical Science (RSC Publishing)
7,O=C(NC1=C(NC=C2)C2=CC=C1)NCCC(C)C,Cl,1,1,1,DMSO,96,Cl-/NO3-,POPC,ISE,NaCl,489,7.2,270,,N,,23,2011,Structurally simple lipid bilayer transport agents for chloride and bicarbonate - Chemical Science (RSC Publishing)
8,S=C(NC1=C(NC=C2)C2=CC=C1)NCCC(C)C,Cl,1,1,1,DMSO,28,Cl-/NO3-,POPC,ISE,NaCl,489,7.2,270,0.029,0.029,,23,2011,Structurally simple lipid bilayer transport agents for chloride and bicarbonate - Chemical Science (RSC Publishing)
7,O=C(NCCCCCCCNC(NC1=C2C(C=CN2)=CC=C1)=O)NC3=C4C(C=CN4)=CC=C3,Cl,1,1,1,DMSO,32,Cl-/NO3-,POPC,ISE,NaCl,489,7.2,270,2.8,2.8,1.9,24,2012,Tunable transmembrane chloride transport by bis-indolylureas - Chemical Science (RSC Publishing)
8,O=C(NCCCCCCCCNC(NC1=C2C(C=CN2)=CC=C1)=O)NC3=C4C(C=CN4)=CC=C3,Cl,1,1,1,DMSO,39,Cl-/NO3-,POPC,ISE,NaCl,489,7.2,270,2.5,2.5,1.6,24,2012,Tunable transmembrane chloride transport by bis-indolylureas - Chemical Science (RSC Publishing)
9,O=C(NCCCCCCCCCNC(NC1=C2C(C=CN2)=CC=C1)=O)NC3=C4C(C=CN4)=CC=C3,Cl,1,1,1,DMSO,38,Cl-/NO3-,POPC,ISE,NaCl,489,7.2,270,1.3,1.3,2.4,24,2012,Tunable transmembrane chloride transport by bis-indolylureas - Chemical Science (RSC Publishing)
10,O=C(NCCCCCCCCCCNC(NC1=C2C(C=CN2)=CC=C1)=O)NC3=C4C(C=CN4)=CC=C3,Cl,1,1,1,DMSO,37,Cl-/NO3-,POPC,ISE,NaCl,489,7.2,270,1.5,1.5,2.3,24,2012,Tunable transmembrane chloride transport by bis-indolylureas - Chemical Science (RSC Publishing)
11,O=C(NCCCCCCCCCCCNC(NC1=C2C(C=CN2)=CC=C1)=O)NC3=C4C(C=CN4)=CC=C3,Cl,1,1,1,DMSO,32,Cl-/NO3-,POPC,ISE,NaCl,489,7.2,270,2.1,2.1,2.1,24,2012,Tunable transmembrane chloride transport by bis-indolylureas - Chemical Science (RSC Publishing)
12,O=C(NCCCCCCCCCCCCNC(NC1=C2C(C=CN2)=CC=C1)=O)NC3=C4C(C=CN4)=CC=C3,Cl,1,1,1,DMSO,44,Cl-/NO3-,POPC,ISE,NaCl,489,7.2,270,3.4,3.4,2.4,24,2012,Tunable transmembrane chloride transport by bis-indolylureas - Chemical Science (RSC Publishing)
1,O=C(NC1=CC=CC=C1)NCCN(CCNC(NC2=CC=CC=C2)=O)CCNC(NC3=CC=CC=C3)=O,Cl,1,1,1,DMSO,882,Cl-/NO3-,POPC,ISE,NaCl,489,7.2,270,5.6,5.6,1.2,25,2011,Structure–Activity Relationships in Tripodal Transmembrane Anion Transporters: The Effect of Fluorination | Journal of the American Chemical Society (acs.org)
2,O=C(NC1=CC=C(F)C=C1)NCCN(CCNC(NC2=CC=C(F)C=C2)=O)CCNC(NC3=CC=C(F)C=C3)=O,Cl,1,1,1,DMSO,575,Cl-/NO3-,POPC,ISE,NaCl,489,7.2,270,0.43,0.43,1.4,25,2011,Structure–Activity Relationships in Tripodal Transmembrane Anion Transporters: The Effect of Fluorination | Journal of the American Chemical Society (acs.org)
3,O=C(NC1=C(F)C(F)=C(F)C(F)=C1F)NCCN(CCNC(NC2=C(F)C(F)=C(F)C(F)=C2F)=O)CCNC(NC3=C(F)C(F)=C(F)C(F)=C3F)=O,Cl,1,1,1,DMSO,166,Cl-/NO3-,POPC,ISE,NaCl,489,7.2,270,0.24,0.24,1.4,25,2011,Structure–Activity Relationships in Tripodal Transmembrane Anion Transporters: The Effect of Fluorination | Journal of the American Chemical Society (acs.org)
4,O=C(NC1=CC=C(C(F)(F)F)C=C1)NCCN(CCNC(NC2=CC=C(C(F)(F)F)C=C2)=O)CCNC(NC3=CC=C(C(F)(F)F)C=C3)=O,Cl,1,1,1,DMSO,405,Cl-/NO3-,POPC,ISE,NaCl,489,7.2,270,0.052,0.052,1.1,25,2011,Structure–Activity Relationships in Tripodal Transmembrane Anion Transporters: The Effect of Fluorination | Journal of the American Chemical Society (acs.org)
5,O=C(NC1=CC(C(F)(F)F)=CC(C(F)(F)F)=C1)NCCN(CCNC(NC2=CC(C(F)(F)F)=CC(C(F)(F)F)=C2)=O)CCNC(NC3=CC(C(F)(F)F)=CC(C(F)(F)F)=C3)=O,Cl,1,1,1,DMSO,517,Cl-/NO3-,POPC,ISE,NaCl,489,7.2,270,0.0044,0.0044,1.6,25,2011,Structure–Activity Relationships in Tripodal Transmembrane Anion Transporters: The Effect of Fluorination | Journal of the American Chemical Society (acs.org)
6,S=C(NC1=CC=CC=C1)NCCN(CCNC(NC2=CC=CC=C2)=S)CCNC(NC3=CC=CC=C3)=S,Cl,1,1,1,DMSO,191,Cl-/NO3-,POPC,ISE,NaCl,489,7.2,270,0.31,0.31,1.9,25,2011,Structure–Activity Relationships in Tripodal Transmembrane Anion Transporters: The Effect of Fluorination | Journal of the American Chemical Society (acs.org)
7,S=C(NC1=CC=C(F)C=C1)NCCN(CCNC(NC2=CC=C(F)C=C2)=S)CCNC(NC3=CC=C(F)C=C3)=S,Cl,1,1,1,DMSO,179,Cl-/NO3-,POPC,ISE,NaCl,489,7.2,270,0.042,0.042,2.9,25,2011,Structure–Activity Relationships in Tripodal Transmembrane Anion Transporters: The Effect of Fluorination | Journal of the American Chemical Society (acs.org)
8,S=C(NC1=C(F)C(F)=C(F)C(F)=C1F)NCCN(CCNC(NC2=C(F)C(F)=C(F)C(F)=C2F)=S)CCNC(NC3=C(F)C(F)=C(F)C(F)=C3F)=S,Cl,1,1,1,DMSO,128,Cl-/NO3-,POPC,ISE,NaCl,489,7.2,270,0.032,0.032,2.4,25,2011,Structure–Activity Relationships in Tripodal Transmembrane Anion Transporters: The Effect of Fluorination | Journal of the American Chemical Society (acs.org)
9,S=C(NC1=CC=C(C(F)(F)F)C=C1)NCCN(CCNC(NC2=CC=C(C(F)(F)F)C=C2)=S)CCNC(NC3=CC=C(C(F)(F)F)C=C3)=S,Cl,1,1,1,DMSO,156,Cl-/NO3-,POPC,ISE,NaCl,489,7.2,270,0.077,0.077,4.8,25,2011,Structure–Activity Relationships in Tripodal Transmembrane Anion Transporters: The Effect of Fluorination | Journal of the American Chemical Society (acs.org)
10,S=C(NC1=CC(C(F)(F)F)=CC(C(F)(F)F)=C1)NCCN(CCNC(NC2=CC(C(F)(F)F)=CC(C(F)(F)F)=C2)=S)CCNC(NC3=CC(C(F)(F)F)=CC(C(F)(F)F)=C3)=S,Cl,1,1,1,DMSO,,Cl-/NO3-,POPC,ISE,NaCl,489,7.2,270,0.042,0.042,5,25,2011,Structure–Activity Relationships in Tripodal Transmembrane Anion Transporters: The Effect of Fluorination | Journal of the American Chemical Society (acs.org)
L1,O=C(NC1=CC=C(C)C=C1)C2=CC(C(NC3=CC=C(C)C=C3)=O)=CC=C2,Cl,1,1,1,DMSO,10.2,Cl-/NO3-,POPC,ISE,NaCl,489,7.2,300,,N,,26,2019,The lipid concentration per sample was 0.5 mM from SI
L2,O=C(NC1=CC=C(C(C)(C)C)C=C1)C2=CC(C(NC3=CC=C(C(C)(C)C)C=C3)=O)=CC=C2,Cl,1,1,1,DMSO,14.5,Cl-/NO3-,POPC,ISE,NaCl,489,7.2,300,,N,,26,2019,Full article: Simple isophthalamides/dipicolineamides as active transmembrane anion transporters (tandfonline.com)
L3,O=C(NC1=CC=C(Cl)C=C1)C2=CC(C(NC3=CC=C(Cl)C=C3)=O)=CC=C2,Cl,1,1,1,DMSO,26,Cl-/NO3-,POPC,ISE,NaCl,489,7.2,300,0.158,0.158,1.2,26,2019,Full article: Simple isophthalamides/dipicolineamides as active transmembrane anion transporters (tandfonline.com)
L4,O=C(NC1=CC(C(F)(F)F)=CC(C(F)(F)F)=C1)C2=CC(C(NC3=CC(C(F)(F)F)=CC(C(F)(F)F)=C3)=O)=CC=C2,Cl,1,1,1,DMSO,36.2,Cl-/NO3-,POPC,ISE,NaCl,489,7.2,300,0.03,0.03,0.49,26,2019,Full article: Simple isophthalamides/dipicolineamides as active transmembrane anion transporters (tandfonline.com)
L5,O=C(NC1=CC=C(C(F)(F)F)C=C1)C2=CC(C(NC3=CC=C(C(F)(F)F)C=C3)=O)=CC=C2,Cl,1,1,1,DMSO,30.3,Cl-/NO3-,POPC,ISE,NaCl,489,7.2,300,0.064,0.064,1.5,26,2019,Full article: Simple isophthalamides/dipicolineamides as active transmembrane anion transporters (tandfonline.com)
L6,O=C(NC1=CC=C(S(F)(F)(F)(F)F)C=C1)C2=CC(C(NC3=CC=C(S(F)(F)(F)(F)F)C=C3)=O)=CC=C2,Cl,1,1,1,DMSO,28,Cl-/NO3-,POPC,ISE,NaCl,489,7.2,300,0.044,0.044,0.96,26,2019,Full article: Simple isophthalamides/dipicolineamides as active transmembrane anion transporters (tandfonline.com)
L7,O=C(NC1=C(F)C(F)=C(F)C(F)=C1F)C2=CC(C(NC3=C(F)C(F)=C(F)C(F)=C3F)=O)=CC=C2,Cl,1,1,1,DMSO,22,Cl-/NO3-,POPC,ISE,NaCl,489,7.2,300,0.61,0.61,2.2,26,2019,Full article: Simple isophthalamides/dipicolineamides as active transmembrane anion transporters (tandfonline.com)
L8,O=C(NC1=C(F)C(F)=C(F)C(F)=C1F)C2=NC(C(NC3=C(F)C(F)=C(F)C(F)=C3F)=O)=CC=C2,Cl,1,1,1,DMSO,47,Cl-/NO3-,POPC,ISE,NaCl,489,7.2,300,0.44,0.44,1.9,26,2019,Full article: Simple isophthalamides/dipicolineamides as active transmembrane anion transporters (tandfonline.com)
11,ClC(C=C1NC(CC(C)C)=O)=CC2=C1NC3=C2C=C(Cl)C=C3NC(CC(C)C)=O,Cl,1,1,1,DMSO,123,Cl-/NO3-,POPC,ISE,NaCl,489,7.2,300,0.0367,0.0367,0.725,27,2018,"1,8-Diamidocarbazoles: an easily tuneable family of fluorescent anion sensors and transporters - Organic & Biomolecular Chemistry (RSC Publishing)"
14,ClC(C=C1NC(C(C)(C)C)=O)=CC2=C1NC3=C2C=C(Cl)C=C3NC(C(C)(C)C)=O,Cl,1,1,1,DMSO,56,Cl-/NO3-,POPC,ISE,NaCl,489,7.2,300,0.0195,0.0195,1.257,27,2018,"1,8-Diamidocarbazoles: an easily tuneable family of fluorescent anion sensors and transporters - Organic & Biomolecular Chemistry (RSC Publishing)"
7ON,O=C(NC1=CC=C([N+]([O-])=O)C=C1)NC2=C(C=C(C(NC(NC3=CC=C([N+]([O-])=O)C=C3)=O)=CC=C4)C4=C5)C5=CC=C2,Cl,1,1,1,DMSO,2600,Cl-/NO3-,POPC,ISE,NaCl,225,7.2,270,0.0003,0.0003,1.05,28,2018,Anthracene Bisureas as Powerful and Accessible Anion Carriers - Dias - 2018 - Chemistry &#8211; A European Journal - Wiley Online Library
3,O=C1C(NC2=CC=C(C(F)(F)F)C=C2)=C(NC3=CC=C(C(F)(F)F)C=C3)C1=O,Cl,1,1,1,DMSO,433,Cl-/NO3-,POPC,ISE,NaCl,489,7.2,270,0.062,0.062,1.22,29,2017,A synthetic ion transporter that disrupts autophagy and induces apoptosis by perturbing cellular chloride concentrations | Nature Chemistry
4,O=C1C(NC2=CC=C(C(F)(F)F)C=C2)=C(NCCCCCC)C1=O,Cl,1,1,1,DMSO,729,Cl-/NO3-,POPC,ISE,NaCl,489,7.2,270,0.209,0.209,2,29,2017,A synthetic ion transporter that disrupts autophagy and induces apoptosis by perturbing cellular chloride concentrations | Nature Chemistry
5,O=C1C(NC2=CC=C(C(F)(F)F)C=C2)=C(NC3=CC=CC=C3NC4=C(NC5=CC=C(C(F)(F)F)C=C5)C(C4=O)=O)C1=O,Cl,1,1,1,DMSO,4742,Cl-/NO3-,POPC,ISE,NaCl,489,7.2,270,0.085,0.085,1.22,29,2017,A synthetic ion transporter that disrupts autophagy and induces apoptosis by perturbing cellular chloride concentrations | Nature Chemistry
6,O=C1C(NC2=CC(C(F)(F)F)=CC(C(F)(F)F)=C2)=C(NC3=CC=CC=C3NC4=C(NC5=CC(C(F)(F)F)=CC(C(F)(F)F)=C5)C(C4=O)=O)C1=O,Cl,1,1,1,DMSO,2259,Cl-/NO3-,POPC,ISE,NaCl,489,7.2,270,0.164,0.164,0.7,29,2017,A synthetic ion transporter that disrupts autophagy and induces apoptosis by perturbing cellular chloride concentrations | Nature Chemistry
7,O=C(C1=O)C(NC2=CC=C(C(F)(F)F)C=C2)=C1NCCN(CCNC3=C(NC4=CC=C(C(F)(F)F)C=C4)C(C3=O)=O)CCNC5=C(NC6=CC=C(C(F)(F)F)C=C6)C(C5=O)=O,Cl,1,1,1,DMSO,8021,Cl-/NO3-,POPC,ISE,NaCl,489,7.2,270,,N,,29,2017,A synthetic ion transporter that disrupts autophagy and induces apoptosis by perturbing cellular chloride concentrations | Nature Chemistry
8,O=C(C1=O)C(NC2=CC(C(F)(F)F)=CC(C(F)(F)F)=C2)=C1NCCN(CCNC3=C(NC4=CC(C(F)(F)F)=CC(C(F)(F)F)=C4)C(C3=O)=O)CCNC5=C(NC6=CC(C(F)(F)F)=CC(C(F)(F)F)=C6)C(C5=O)=O,Cl,1,1,1,DMSO,1627,Cl-/NO3-,POPC,ISE,NaCl,489,7.2,270,,N,,29,2017,A synthetic ion transporter that disrupts autophagy and induces apoptosis by perturbing cellular chloride concentrations | Nature Chemistry
7,O=C(C1=O)C(NC2=CC=C(C(F)(F)F)C=C2)=C1NCCN(CCNC3=C(NC4=CC=C(C(F)(F)F)C=C4)C(C3=O)=O)CCNC5=C(NC6=CC=C(C(F)(F)F)C=C6)C(C5=O)=O,Cl,1,2,2,DMSO,19.6,Cl-/NO3-,POPC,ISE,NaCl,489,7.2,270,,N,,29,2017,A synthetic ion transporter that disrupts autophagy and induces apoptosis by perturbing cellular chloride concentrations | Nature Chemistry
8,O=C(C1=O)C(NC2=CC(C(F)(F)F)=CC(C(F)(F)F)=C2)=C1NCCN(CCNC3=C(NC4=CC(C(F)(F)F)=CC(C(F)(F)F)=C4)C(C3=O)=O)CCNC5=C(NC6=CC(C(F)(F)F)=CC(C(F)(F)F)=C6)C(C5=O)=O,Cl,1,2,2,DMSO,67,Cl-/NO3-,POPC,ISE,NaCl,489,7.2,270,,N,,29,2017,A synthetic ion transporter that disrupts autophagy and induces apoptosis by perturbing cellular chloride concentrations | Nature Chemistry
1,O=C1C(NCCCCNC2=CC=C(C(N3CCCC)=O)C4=C2C=CC=C4C3=O)=C(NC5=CC(C(F)(F)F)=CC(C(F)(F)F)=C5)C1=O,Cl,1,1,1,DMSO,520,Cl-/NO3-,POPC,ISE,NaCl,489,7.2,270,0.15,0.15,0.9,30,2018,Fluorescent squaramides as anion receptors and transmembrane anion transporters (core.ac.uk)
2,O=C1C(NCCCCNC2=CC=C(C(N3CCCC)=O)C4=C2C=CC=C4C3=O)=C(NC5=CC=C(C(F)(F)F)C=C5)C1=O,Cl,1,1,1,DMSO,240,Cl-/NO3-,POPC,ISE,NaCl,489,7.2,270,0.63,0.63,0.8,30,2018,Fluorescent squaramides as anion receptors and transmembrane anion transporters (core.ac.uk)
3,O=C1C(NCCCCNC2=CC=C(C(N3CCCC)=O)C4=C2C=CC=C4C3=O)C(NC5=CC=C([N+]([O-])=O)C=C5)C1=O,Cl,1,1,1,DMSO,290,Cl-/NO3-,POPC,ISE,NaCl,489,7.2,270,0.26,0.26,1,30,2018,Fluorescent squaramides as anion receptors and transmembrane anion transporters (core.ac.uk)
4,O=C1C(NCCCCNC2=CC=C(C(N3CCCC)=O)C4=C2C=CC=C4C3=O)C(NC5=CC=CC=C5)C1=O,Cl,1,1,1,DMSO,160,Cl-/NO3-,POPC,ISE,NaCl,489,7.2,270,2.07,2.07,0.9,30,2018,Fluorescent squaramides as anion receptors and transmembrane anion transporters (core.ac.uk)
1,O=C(NC1=CC=CC=C1)NCC(C=C2)=CC=C2/N=N\C3=CC=C(CNC(NC4=CC=CC=C4)=O)C=C3,Cl,1,1,1,DMSO,,Cl-/NO3-,POPC,ISE,NaCl,500,7.2,300,5.34,5.34,1.59,31,2014,Azobenzene-based chloride transporters with light-controllable activities - Chemical Communications (RSC Publishing)
2,O=C(NC1=CC=C(C(C)(C)C)C=C1)NCC(C=C2)=CC=C2/N=N\C3=CC=C(CNC(NC4=CC=C(C(C)(C)C)C=C4)=O)C=C3,Cl,1,1,1,DMSO,310,Cl-/NO3-,POPC,ISE,NaCl,500,7.2,300,,N,,31,2014,Azobenzene-based chloride transporters with light-controllable activities - Chemical Communications (RSC Publishing)
3,O=C(NC1=CC=C(C(OC)=O)C=C1)NCC(C=C2)=CC=C2/N=N\C3=CC=C(CNC(NC4=CC=C(C(OC)=O)C=C4)=O)C=C3,Cl,1,1,1,DMSO,,Cl-/NO3-,POPC,ISE,NaCl,500,7.2,300,4.62,4.62,1.24,31,2014,Azobenzene-based chloride transporters with light-controllable activities - Chemical Communications (RSC Publishing)
4,O=C(NC1=CC=C(C(OCCCC)=O)C=C1)NCC(C=C2)=CC=C2/N=N\C3=CC=C(CNC(NC4=CC=C(C(OCCCC)=O)C=C4)=O)C=C3,Cl,1,1,1,DMSO,1000,Cl-/NO3-,POPC,ISE,NaCl,500,7.2,300,,N,,31,2014,Azobenzene-based chloride transporters with light-controllable activities - Chemical Communications (RSC Publishing)
5,O=C(NC1=CC=C(C(F)(F)F)C=C1)NCC(C=C2)=CC=C2/N=N\C3=CC=C(CNC(NC4=CC=C(C(F)(F)F)C=C4)=O)C=C3,Cl,1,1,1,DMSO,1300,Cl-/NO3-,POPC,ISE,NaCl,500,7.2,300,2.35,2.35,1.08,31,2014,Azobenzene-based chloride transporters with light-controllable activities - Chemical Communications (RSC Publishing)
6,O=C(NC1=CC=C(C#N)C=C1)NCC(C=C2)=CC=C2/N=N\C3=CC=C(CNC(NC4=CC=C(C#N)C=C4)=O)C=C3,Cl,1,1,1,DMSO,2800,Cl-/NO3-,POPC,ISE,NaCl,500,7.2,300,1.13,1.13,1.07,31,2014,Azobenzene-based chloride transporters with light-controllable activities - Chemical Communications (RSC Publishing)
7,S=C(NC1=CC=C(C#N)C=C1)NCC(C=C2)=CC=C2/N=N\C3=CC=C(CNC(NC4=CC=C(C#N)C=C4)=S)C=C3,Cl,1,1,1,DMSO,5900,Cl-/NO3-,POPC,ISE,NaCl,500,7.2,300,0.19,0.19,1.48,31,2014,Azobenzene-based chloride transporters with light-controllable activities - Chemical Communications (RSC Publishing)
8,O=C(NC1=CC=C(C#N)C=C1)NCC2=CC=CC(/N=N\C3=CC=CC(CNC(NC4=CC=C(C#N)C=C4)=O)=C3)=C2,Cl,1,1,1,DMSO,8400,Cl-/NO3-,POPC,ISE,NaCl,500,7.2,300,0.38,0.38,0.9,31,2014,Azobenzene-based chloride transporters with light-controllable activities - Chemical Communications (RSC Publishing)
9,S=C(NC1=CC=C(C#N)C=C1)NCC2=CC=CC(/N=N\C3=CC=CC(CNC(NC4=CC=C(C#N)C=C4)=S)=C3)=C2,Cl,1,1,1,DMSO,>10000,Cl-/NO3-,POPC,ISE,NaCl,500,7.2,300,0.15,0.15,1.22,31,2014,Azobenzene-based chloride transporters with light-controllable activities - Chemical Communications (RSC Publishing)
1,O=C1C(NC2=CC=C(C(F)(F)F)C=C2)=C(NC3=CC=C(C(F)(F)F)C=C3)C1=O,Cl,,,,,,Cl-/NO3-,POPC,ISE,NaCl,490,7.2,270,0.06,0.06,,32,2017,Dissecting the chloride–nitrate anion transport assay - Chemical Communications (RSC Publishing)
2,O=C(NC1=CC(C(F)(F)F)=CC(C(F)(F)F)=C1)NC2=CC(C(F)(F)F)=CC(C(F)(F)F)=C2,Cl,,,,,,Cl-/NO3-,POPC,ISE,NaCl,490,7.2,270,0.3,0.3,,32,2017,Dissecting the chloride–nitrate anion transport assay - Chemical Communications (RSC Publishing)
3,S=C(NC1=CC(C(F)(F)F)=CC(C(F)(F)F)=C1)NC2=CC(C(F)(F)F)=CC(C(F)(F)F)=C2,Cl,,,,,,Cl-/NO3-,POPC,ISE,NaCl,490,7.2,270,0.16,0.16,,32,2017,Dissecting the chloride–nitrate anion transport assay - Chemical Communications (RSC Publishing)
4,S=C(NC1=CC=CC=C1)NCCN(C(C2=CC=CC=C2)=O)CCNC(NC3=CC=CC=C3)=S,Cl,,,,,,Cl-/NO3-,POPC,ISE,NaCl,490,7.2,270,,N,,32,2017,Dissecting the chloride–nitrate anion transport assay - Chemical Communications (RSC Publishing)
5,S=C(NC1=CC=CC=C1)NCCN(CCNC(NC2=CC=CC=C2)=S)CCNC(NC3=CC=CC=C3)=S,Cl,,,,,,Cl-/NO3-,POPC,ISE,NaCl,490,7.2,270,0.31,0.31,,32,2017,Dissecting the chloride–nitrate anion transport assay - Chemical Communications (RSC Publishing)
6,S=C(NCCCCC)NCCN(CCNC(NCCCCC)=S)CCNC(NCCCCC)=S,Cl,,,,,,Cl-/NO3-,POPC,ISE,NaCl,490,7.2,270,0.11,0.11,,32,2017,Dissecting the chloride–nitrate anion transport assay - Chemical Communications (RSC Publishing)
1,O=C1C(NC2=CC=CC=C2)=C(NC3=CC=CC=C3)C1=O,Cl,1,1,1,DMSO,260,Cl-/NO3-,POPC,ISE,NaCl,489,7.2,270,1.38,1.38,,33,2014,Thiosquaramides: pH switchable anion transporters - Chemical Science (RSC Publishing)
2,O=C1C(NC2=CC=C(C(F)(F)F)C=C2)=C(NC3=CC=C(C(F)(F)F)C=C3)C1=O,Cl,1,1,1,DMSO,458,Cl-/NO3-,POPC,ISE,NaCl,489,7.2,270,0.06,0.06,,33,2014,Thiosquaramides: pH switchable anion transporters - Chemical Science (RSC Publishing)
3,O=C1C(NC2=CC(C(F)(F)F)=CC(C(F)(F)F)=C2)=C(NC3=CC(C(F)(F)F)=CC(C(F)(F)F)=C3)C1=O,Cl,1,1,1,DMSO,643,Cl-/NO3-,POPC,ISE,NaCl,489,7.2,270,0.01,0.01,,33,2014,Thiosquaramides: pH switchable anion transporters - Chemical Science (RSC Publishing)
4,O=C1C(NC2=CC(C(C)(C)C)=CC(C(C)(C)C)=C2)=C(NC3=CC(C(C)(C)C)=CC(C(C)(C)C)=C3)C1=O,Cl,1,1,1,DMSO,145,Cl-/NO3-,POPC,ISE,NaCl,489,7.2,270,,N,,33,2014,Thiosquaramides: pH switchable anion transporters - Chemical Science (RSC Publishing)
5,S=C1C(NC2=CC=CC=C2)=C(NC3=CC=CC=C3)C1=S,Cl,1,1,1,DMSO,270,Cl-/NO3-,POPC,ISE,NaCl,489,7.2,270,,N,,33,2014,Thiosquaramides: pH switchable anion transporters - Chemical Science (RSC Publishing)
6,S=C1C(NC2=CC=C(C(F)(F)F)C=C2)=C(NC3=CC=C(C(F)(F)F)C=C3)C1=S,Cl,1,1,1,DMSO,60,Cl-/NO3-,POPC,ISE,NaCl,489,7.2,270,0.68,0.68,,33,2014,Thiosquaramides: pH switchable anion transporters - Chemical Science (RSC Publishing)
7,S=C1C(NC2=CC(C(F)(F)F)=CC(C(F)(F)F)=C2)=C(NC3=CC(C(F)(F)F)=CC(C(F)(F)F)=C3)C1=S,Cl,1,1,1,DMSO,,Cl-/NO3-,POPC,ISE,NaCl,489,7.2,270,,N,,33,2014,Thiosquaramides: pH switchable anion transporters - Chemical Science (RSC Publishing)
8,S=C1C(NC2=CC(C(C)(C)C)=CC(C(C)(C)C)=C2)=C(NC3=CC(C(C)(C)C)=CC(C(C)(C)C)=C3)C1=S,Cl,1,1,1,DMSO,402,Cl-/NO3-,POPC,ISE,NaCl,489,7.2,270,,N,,33,2014,Thiosquaramides: pH switchable anion transporters - Chemical Science (RSC Publishing)