unnamed:_0,entry_in_paper,smiles,anion,"binding_mode
(transporter)","binding_mode
(anion)","stochiometry
(#_of_anion_
per_transporter)",nmr_solvent,ka_(_m-1),assay,lipid,measured_by,cl_source_inside,cl_conc_(mm),assay_ph,time_between_transporter_added_and_lysis_(s),ec50(mol%)_raw,ec50(mol%)_target,hill_parameter_n,paperid,year,ref,canonical_smiles,target,class,thiourea,urea,squaramide,indole,tambjamine,carbazole,acridinone,perenosin,bisbzimpy,isophthalamides_dipicolineamides,logec50
241,8,S=C(NC1=C(NC=C2)C2=CC=C1)NCCC(C)C,Cl,1.0,1.0,1.0,DMSO,28,Cl-/NO3-,POPC,ISE,NaCl,489,7.2,270,0.029,0.029,,23,2011,Structurally simple lipid bilayer transport agents for chloride and bicarbonate - Chemical Science (RSC Publishing),CC(C)CCNC(=S)Nc1cccc2cc[nH]c12,-1.537602002101044,1,1,0,0,1,0,0,0,0,0,0,-1.537602002101044
236,3,O=C(NCCCC)NCCC(C)C,Cl,1.0,1.0,1.0,DMSO,<10,Cl-/NO3-,POPC,ISE,NaCl,489,7.2,270,,N,,23,2011,Structurally simple lipid bilayer transport agents for chloride and bicarbonate - Chemical Science (RSC Publishing),CCCCNC(=O)NCCC(C)C,,0,0,1,0,0,0,0,0,0,0,0,N
237,4,S=C(NCCCC)NCCC(C)C,Cl,1.0,1.0,1.0,DMSO,10,Cl-/NO3-,POPC,ISE,NaCl,489,7.2,270,0.109,0.109,,23,2011,Structurally simple lipid bilayer transport agents for chloride and bicarbonate - Chemical Science (RSC Publishing),CCCCNC(=S)NCCC(C)C,-0.9625735020593764,1,1,0,0,0,0,0,0,0,0,0,-0.9625735020593764
238,5,O=C(NC1=CC=CC=C1)NCCC(C)C,Cl,1.0,1.0,1.0,DMSO,21,Cl-/NO3-,POPC,ISE,NaCl,489,7.2,270,,N,,23,2011,Structurally simple lipid bilayer transport agents for chloride and bicarbonate - Chemical Science (RSC Publishing),CC(C)CCNC(=O)Nc1ccccc1,,0,0,1,0,0,0,0,0,0,0,0,N
239,6,S=C(NC1=CC=CC=C1)NCCC(C)C,Cl,1.0,1.0,1.0,DMSO,22,Cl-/NO3-,POPC,ISE,NaCl,489,7.2,270,3.047,3.047,,23,2011,Structurally simple lipid bilayer transport agents for chloride and bicarbonate - Chemical Science (RSC Publishing),CC(C)CCNC(=S)Nc1ccccc1,0.4838724542226736,0,1,0,0,0,0,0,0,0,0,0,0.4838724542226736
240,7,O=C(NC1=C(NC=C2)C2=CC=C1)NCCC(C)C,Cl,1.0,1.0,1.0,DMSO,96,Cl-/NO3-,POPC,ISE,NaCl,489,7.2,270,,N,,23,2011,Structurally simple lipid bilayer transport agents for chloride and bicarbonate - Chemical Science (RSC Publishing),CC(C)CCNC(=O)Nc1cccc2cc[nH]c12,,0,0,1,0,1,0,0,0,0,0,0,N
257,10,S=C(NC1=CC(C(F)(F)F)=CC(C(F)(F)F)=C1)NCCN(CCNC(NC2=CC(C(F)(F)F)=CC(C(F)(F)F)=C2)=S)CCNC(NC3=CC(C(F)(F)F)=CC(C(F)(F)F)=C3)=S,Cl,1.0,1.0,1.0,DMSO,,Cl-/NO3-,POPC,ISE,NaCl,489,7.2,270,0.042,0.042,5.0,25,2011,Structure–Activity Relationships in Tripodal Transmembrane Anion Transporters: The Effect of Fluorination | Journal of the American Chemical Society (acs.org),FC(F)(F)c1cc(NC(=S)NCCN(CCNC(=S)Nc2cc(C(F)(F)F)cc(C(F)(F)F)c2)CCNC(=S)Nc2cc(C(F)(F)F)cc(C(F)(F)F)c2)cc(C(F)(F)F)c1,-1.3767507096020994,1,1,0,0,0,0,0,0,0,0,0,-1.3767507096020994
256,9,S=C(NC1=CC=C(C(F)(F)F)C=C1)NCCN(CCNC(NC2=CC=C(C(F)(F)F)C=C2)=S)CCNC(NC3=CC=C(C(F)(F)F)C=C3)=S,Cl,1.0,1.0,1.0,DMSO,156,Cl-/NO3-,POPC,ISE,NaCl,489,7.2,270,0.077,0.077,4.8,25,2011,Structure–Activity Relationships in Tripodal Transmembrane Anion Transporters: The Effect of Fluorination | Journal of the American Chemical Society (acs.org),FC(F)(F)c1ccc(NC(=S)NCCN(CCNC(=S)Nc2ccc(C(F)(F)F)cc2)CCNC(=S)Nc2ccc(C(F)(F)F)cc2)cc1,-1.1135092748275182,1,1,0,0,0,0,0,0,0,0,0,-1.1135092748275182
254,7,S=C(NC1=CC=C(F)C=C1)NCCN(CCNC(NC2=CC=C(F)C=C2)=S)CCNC(NC3=CC=C(F)C=C3)=S,Cl,1.0,1.0,1.0,DMSO,179,Cl-/NO3-,POPC,ISE,NaCl,489,7.2,270,0.042,0.042,2.9,25,2011,Structure–Activity Relationships in Tripodal Transmembrane Anion Transporters: The Effect of Fluorination | Journal of the American Chemical Society (acs.org),Fc1ccc(NC(=S)NCCN(CCNC(=S)Nc2ccc(F)cc2)CCNC(=S)Nc2ccc(F)cc2)cc1,-1.3767507096020994,1,1,0,0,0,0,0,0,0,0,0,-1.3767507096020994
253,6,S=C(NC1=CC=CC=C1)NCCN(CCNC(NC2=CC=CC=C2)=S)CCNC(NC3=CC=CC=C3)=S,Cl,1.0,1.0,1.0,DMSO,191,Cl-/NO3-,POPC,ISE,NaCl,489,7.2,270,0.31,0.31,1.9,25,2011,Structure–Activity Relationships in Tripodal Transmembrane Anion Transporters: The Effect of Fluorination | Journal of the American Chemical Society (acs.org),S=C(NCCN(CCNC(=S)Nc1ccccc1)CCNC(=S)Nc1ccccc1)Nc1ccccc1,-0.5086383061657274,1,1,0,0,0,0,0,0,0,0,0,-0.5086383061657274
255,8,S=C(NC1=C(F)C(F)=C(F)C(F)=C1F)NCCN(CCNC(NC2=C(F)C(F)=C(F)C(F)=C2F)=S)CCNC(NC3=C(F)C(F)=C(F)C(F)=C3F)=S,Cl,1.0,1.0,1.0,DMSO,128,Cl-/NO3-,POPC,ISE,NaCl,489,7.2,270,0.032,0.032,2.4,25,2011,Structure–Activity Relationships in Tripodal Transmembrane Anion Transporters: The Effect of Fluorination | Journal of the American Chemical Society (acs.org),Fc1c(F)c(F)c(NC(=S)NCCN(CCNC(=S)Nc2c(F)c(F)c(F)c(F)c2F)CCNC(=S)Nc2c(F)c(F)c(F)c(F)c2F)c(F)c1F,-1.494850021680094,1,1,0,0,0,0,0,0,0,0,0,-1.494850021680094
251,4,O=C(NC1=CC=C(C(F)(F)F)C=C1)NCCN(CCNC(NC2=CC=C(C(F)(F)F)C=C2)=O)CCNC(NC3=CC=C(C(F)(F)F)C=C3)=O,Cl,1.0,1.0,1.0,DMSO,405,Cl-/NO3-,POPC,ISE,NaCl,489,7.2,270,0.052,0.052,1.1,25,2011,Structure–Activity Relationships in Tripodal Transmembrane Anion Transporters: The Effect of Fluorination | Journal of the American Chemical Society (acs.org),O=C(NCCN(CCNC(=O)Nc1ccc(C(F)(F)F)cc1)CCNC(=O)Nc1ccc(C(F)(F)F)cc1)Nc1ccc(C(F)(F)F)cc1,-1.2839966563652008,1,0,1,0,0,0,0,0,0,0,0,-1.2839966563652008
250,3,O=C(NC1=C(F)C(F)=C(F)C(F)=C1F)NCCN(CCNC(NC2=C(F)C(F)=C(F)C(F)=C2F)=O)CCNC(NC3=C(F)C(F)=C(F)C(F)=C3F)=O,Cl,1.0,1.0,1.0,DMSO,166,Cl-/NO3-,POPC,ISE,NaCl,489,7.2,270,0.24,0.24,1.4,25,2011,Structure–Activity Relationships in Tripodal Transmembrane Anion Transporters: The Effect of Fluorination | Journal of the American Chemical Society (acs.org),O=C(NCCN(CCNC(=O)Nc1c(F)c(F)c(F)c(F)c1F)CCNC(=O)Nc1c(F)c(F)c(F)c(F)c1F)Nc1c(F)c(F)c(F)c(F)c1F,-0.619788758288394,1,0,1,0,0,0,0,0,0,0,0,-0.619788758288394
249,2,O=C(NC1=CC=C(F)C=C1)NCCN(CCNC(NC2=CC=C(F)C=C2)=O)CCNC(NC3=CC=C(F)C=C3)=O,Cl,1.0,1.0,1.0,DMSO,575,Cl-/NO3-,POPC,ISE,NaCl,489,7.2,270,0.43,0.43,1.4,25,2011,Structure–Activity Relationships in Tripodal Transmembrane Anion Transporters: The Effect of Fluorination | Journal of the American Chemical Society (acs.org),O=C(NCCN(CCNC(=O)Nc1ccc(F)cc1)CCNC(=O)Nc1ccc(F)cc1)Nc1ccc(F)cc1,-0.3665315444204134,1,0,1,0,0,0,0,0,0,0,0,-0.3665315444204134
248,1,O=C(NC1=CC=CC=C1)NCCN(CCNC(NC2=CC=CC=C2)=O)CCNC(NC3=CC=CC=C3)=O,Cl,1.0,1.0,1.0,DMSO,882,Cl-/NO3-,POPC,ISE,NaCl,489,7.2,270,5.6,5.6,1.2,25,2011,Structure–Activity Relationships in Tripodal Transmembrane Anion Transporters: The Effect of Fluorination | Journal of the American Chemical Society (acs.org),O=C(NCCN(CCNC(=O)Nc1ccccc1)CCNC(=O)Nc1ccccc1)Nc1ccccc1,0.7481880270062004,0,0,1,0,0,0,0,0,0,0,0,0.7481880270062004
252,5,O=C(NC1=CC(C(F)(F)F)=CC(C(F)(F)F)=C1)NCCN(CCNC(NC2=CC(C(F)(F)F)=CC(C(F)(F)F)=C2)=O)CCNC(NC3=CC(C(F)(F)F)=CC(C(F)(F)F)=C3)=O,Cl,1.0,1.0,1.0,DMSO,517,Cl-/NO3-,POPC,ISE,NaCl,489,7.2,270,0.0044,0.0044,1.6,25,2011,Structure–Activity Relationships in Tripodal Transmembrane Anion Transporters: The Effect of Fluorination | Journal of the American Chemical Society (acs.org),O=C(NCCN(CCNC(=O)Nc1cc(C(F)(F)F)cc(C(F)(F)F)c1)CCNC(=O)Nc1cc(C(F)(F)F)cc(C(F)(F)F)c1)Nc1cc(C(F)(F)F)cc(C(F)(F)F)c1,-2.356547323513813,1,0,1,0,0,0,0,0,0,0,0,-2.356547323513813
232,9,O=C(NCCCCCC)NC1=CC=CC=C1,Cl,1.0,1.0,1.0,DMSO,16,Cl-/NO3-,POPC,ISE,NaCl,489,7.2,270,,N,,22,2012,Towards “drug-like” indole-based transmembrane anion transporters - Chemical Science (RSC Publishing),CCCCCCNC(=O)Nc1ccccc1,,0,0,1,0,0,0,0,0,0,0,0,N
247,12,O=C(NCCCCCCCCCCCCNC(NC1=C2C(C=CN2)=CC=C1)=O)NC3=C4C(C=CN4)=CC=C3,Cl,1.0,1.0,1.0,DMSO,44,Cl-/NO3-,POPC,ISE,NaCl,489,7.2,270,3.4,3.4,2.4,24,2012,Tunable transmembrane chloride transport by bis-indolylureas - Chemical Science (RSC Publishing),O=C(NCCCCCCCCCCCCNC(=O)Nc1cccc2cc[nH]c12)Nc1cccc2cc[nH]c12,0.5314789170422551,0,0,1,0,1,0,0,0,0,0,0,0.5314789170422551
246,11,O=C(NCCCCCCCCCCCNC(NC1=C2C(C=CN2)=CC=C1)=O)NC3=C4C(C=CN4)=CC=C3,Cl,1.0,1.0,1.0,DMSO,32,Cl-/NO3-,POPC,ISE,NaCl,489,7.2,270,2.1,2.1,2.1,24,2012,Tunable transmembrane chloride transport by bis-indolylureas - Chemical Science (RSC Publishing),O=C(NCCCCCCCCCCCNC(=O)Nc1cccc2cc[nH]c12)Nc1cccc2cc[nH]c12,0.3222192947339193,0,0,1,0,1,0,0,0,0,0,0,0.3222192947339193
245,10,O=C(NCCCCCCCCCCNC(NC1=C2C(C=CN2)=CC=C1)=O)NC3=C4C(C=CN4)=CC=C3,Cl,1.0,1.0,1.0,DMSO,37,Cl-/NO3-,POPC,ISE,NaCl,489,7.2,270,1.5,1.5,2.3,24,2012,Tunable transmembrane chloride transport by bis-indolylureas - Chemical Science (RSC Publishing),O=C(NCCCCCCCCCCNC(=O)Nc1cccc2cc[nH]c12)Nc1cccc2cc[nH]c12,0.1760912590556812,0,0,1,0,1,0,0,0,0,0,0,0.1760912590556812
244,9,O=C(NCCCCCCCCCNC(NC1=C2C(C=CN2)=CC=C1)=O)NC3=C4C(C=CN4)=CC=C3,Cl,1.0,1.0,1.0,DMSO,38,Cl-/NO3-,POPC,ISE,NaCl,489,7.2,270,1.3,1.3,2.4,24,2012,Tunable transmembrane chloride transport by bis-indolylureas - Chemical Science (RSC Publishing),O=C(NCCCCCCCCCNC(=O)Nc1cccc2cc[nH]c12)Nc1cccc2cc[nH]c12,0.1139433523068367,0,0,1,0,1,0,0,0,0,0,0,0.1139433523068367
235,12,S=C(NCCCCCC)NC1=CC=C(C(F)(F)F)C=C1,Cl,1.0,1.0,1.0,DMSO,26,Cl-/NO3-,POPC,ISE,NaCl,489,7.2,270,0.44,0.44,1.6,22,2012,Towards “drug-like” indole-based transmembrane anion transporters - Chemical Science (RSC Publishing),CCCCCCNC(=S)Nc1ccc(C(F)(F)F)cc1,-0.3565473235138126,1,1,0,0,0,0,0,0,0,0,0,-0.3565473235138126
234,11,O=C(NCCCCCC)NC1=CC=C(C(F)(F)F)C=C1,Cl,1.0,1.0,1.0,DMSO,23,Cl-/NO3-,POPC,ISE,NaCl,489,7.2,270,1.4,1.4,2.4,22,2012,Towards “drug-like” indole-based transmembrane anion transporters - Chemical Science (RSC Publishing),CCCCCCNC(=O)Nc1ccc(C(F)(F)F)cc1,0.146128035678238,0,0,1,0,0,0,0,0,0,0,0,0.146128035678238
233,10,S=C(NCCCCCC)NC1=CC=CC=C1,Cl,1.0,1.0,1.0,DMSO,14,Cl-/NO3-,POPC,ISE,NaCl,489,7.2,270,2.5,2.5,0.9,22,2012,Towards “drug-like” indole-based transmembrane anion transporters - Chemical Science (RSC Publishing),CCCCCCNC(=S)Nc1ccccc1,0.3979400086720376,0,1,0,0,0,0,0,0,0,0,0,0.3979400086720376
243,8,O=C(NCCCCCCCCNC(NC1=C2C(C=CN2)=CC=C1)=O)NC3=C4C(C=CN4)=CC=C3,Cl,1.0,1.0,1.0,DMSO,39,Cl-/NO3-,POPC,ISE,NaCl,489,7.2,270,2.5,2.5,1.6,24,2012,Tunable transmembrane chloride transport by bis-indolylureas - Chemical Science (RSC Publishing),O=C(NCCCCCCCCNC(=O)Nc1cccc2cc[nH]c12)Nc1cccc2cc[nH]c12,0.3979400086720376,0,0,1,0,1,0,0,0,0,0,0,0.3979400086720376
231,8,S=C(NC1=CC=C(C(F)(F)F)C=C1)NC2=CC=CC3=C2NC=C3,Cl,1.0,1.0,1.0,DMSO,26,Cl-/NO3-,POPC,ISE,NaCl,489,7.2,270,2.6,2.6,1.2,22,2012,Towards “drug-like” indole-based transmembrane anion transporters - Chemical Science (RSC Publishing),FC(F)(F)c1ccc(NC(=S)Nc2cccc3cc[nH]c23)cc1,0.414973347970818,0,1,0,0,1,0,0,0,0,0,0,0.414973347970818
229,6,S=C(NC1=CC=CC=C1)NC2=CC=CC3=C2NC=C3,Cl,1.0,1.0,1.0,DMSO,25,Cl-/NO3-,POPC,ISE,NaCl,489,7.2,270,,N,,22,2012,Towards “drug-like” indole-based transmembrane anion transporters - Chemical Science (RSC Publishing),S=C(Nc1ccccc1)Nc1cccc2cc[nH]c12,,0,1,0,0,1,0,0,0,0,0,0,N
81,9,O=C(NC1=CC(C(F)(F)F)=CC(C(F)(F)F)=C1)NC2=CC(C(F)(F)F)=CC(C(F)(F)F)=C2,Cl,1.0,1.0,1.0,DMSO,88,Cl-/NO3-,POPC,ISE,NaCl,489,7.2,270,0.3,0.3,1.4,5,2012,Squaramides as Potent Transmembrane Anion Transporters - Busschaert - 2012 - Angewandte Chemie International Edition - Wiley Online Library,O=C(Nc1cc(C(F)(F)F)cc(C(F)(F)F)c1)Nc1cc(C(F)(F)F)cc(C(F)(F)F)c1,-0.5228787452803376,1,0,1,0,0,0,0,0,0,0,0,-0.5228787452803376
80,8,S=C(NC1=CC(C(F)(F)F)=CC(C(F)(F)F)=C1)NC2=CC(C(F)(F)F)=CC(C(F)(F)F)=C2,Cl,1.0,1.0,1.0,DMSO,41,Cl-/NO3-,POPC,ISE,NaCl,489,7.2,270,0.16,0.16,2.0,5,2012,Squaramides as Potent Transmembrane Anion Transporters - Busschaert - 2012 - Angewandte Chemie International Edition - Wiley Online Library,FC(F)(F)c1cc(NC(=S)Nc2cc(C(F)(F)F)cc(C(F)(F)F)c2)cc(C(F)(F)F)c1,-0.7958800173440752,1,1,0,0,0,0,0,0,0,0,0,-0.7958800173440752
230,7,O=C(NC1=CC=C(C(F)(F)F)C=C1)NC2=CC=CC3=C2NC=C3,Cl,1.0,1.0,1.0,DMSO,101,Cl-/NO3-,POPC,ISE,NaCl,489,7.2,270,1.1,1.1,1.6,22,2012,Towards “drug-like” indole-based transmembrane anion transporters - Chemical Science (RSC Publishing),O=C(Nc1ccc(C(F)(F)F)cc1)Nc1cccc2cc[nH]c12,0.041392685158225,0,0,1,0,1,0,0,0,0,0,0,0.041392685158225
78,6,O=C(NC1=CC=C(C(F)(F)F)C=C1)NC2=CC=C(C(F)(F)F)C=C2,Cl,1.0,1.0,1.0,DMSO,75,Cl-/NO3-,POPC,ISE,NaCl,489,7.2,270,0.42,0.42,2.2,5,2012,Squaramides as Potent Transmembrane Anion Transporters - Busschaert - 2012 - Angewandte Chemie International Edition - Wiley Online Library,O=C(Nc1ccc(C(F)(F)F)cc1)Nc1ccc(C(F)(F)F)cc1,-0.3767507096020995,1,0,1,0,0,0,0,0,0,0,0,-0.3767507096020995
77,5,S=C(NC1=CC=C(C(F)(F)F)C=C1)NC2=CC=C(C(F)(F)F)C=C2,Cl,1.0,1.0,1.0,DMSO,43,Cl-/NO3-,POPC,ISE,NaCl,489,7.2,270,0.22,0.22,1.6,5,2012,Squaramides as Potent Transmembrane Anion Transporters - Busschaert - 2012 - Angewandte Chemie International Edition - Wiley Online Library,FC(F)(F)c1ccc(NC(=S)Nc2ccc(C(F)(F)F)cc2)cc1,-0.6575773191777937,1,1,0,0,0,0,0,0,0,0,0,-0.6575773191777937
76,4,O=C1C(NC2=CC=C(C(F)(F)F)C=C2)=C(NC3=CC=C(C(F)(F)F)C=C3)C1=O,Cl,1.0,1.0,1.0,DMSO,458,Cl-/NO3-,POPC,ISE,NaCl,489,7.2,270,0.06,0.06,1.2,5,2012,Squaramides as Potent Transmembrane Anion Transporters - Busschaert - 2012 - Angewandte Chemie International Edition - Wiley Online Library,O=c1c(Nc2ccc(C(F)(F)F)cc2)c(Nc2ccc(C(F)(F)F)cc2)c1=O,-1.2218487496163564,1,0,0,1,0,0,0,0,0,0,0,-1.2218487496163564
75,3,O=C(NC1=CC=CC=C1)NC2=CC=CC=C2,Cl,1.0,1.0,1.0,DMSO,31,Cl-/NO3-,POPC,ISE,NaCl,489,7.2,270,,N,,5,2012,Transporter was not active enough to perform Hill analysis.,O=C(Nc1ccccc1)Nc1ccccc1,,0,0,1,0,0,0,0,0,0,0,0,N
79,7,O=C1C(NC2=CC(C(F)(F)F)=CC(C(F)(F)F)=C2)=C(NC3=CC(C(F)(F)F)=CC(C(F)(F)F)=C3)C1=O,Cl,1.0,1.0,1.0,DMSO,643,Cl-/NO3-,POPC,ISE,NaCl,489,7.2,270,0.01,0.01,1.1,5,2012,Squaramides as Potent Transmembrane Anion Transporters - Busschaert - 2012 - Angewandte Chemie International Edition - Wiley Online Library,O=c1c(Nc2cc(C(F)(F)F)cc(C(F)(F)F)c2)c(Nc2cc(C(F)(F)F)cc(C(F)(F)F)c2)c1=O,-2.0,1,0,0,1,0,0,0,0,0,0,0,-2.0
73,1,O=C1C(NC2=CC=CC=C2)=C(NC3=CC=CC=C3)C1=O,Cl,1.0,1.0,1.0,DMSO,260,Cl-/NO3-,POPC,ISE,NaCl,489,7.2,270,1.38,1.38,1.7,5,2012,Squaramides as Potent Transmembrane Anion Transporters - Busschaert - 2012 - Angewandte Chemie International Edition - Wiley Online Library,O=c1c(Nc2ccccc2)c(Nc2ccccc2)c1=O,0.1398790864012364,0,0,0,1,0,0,0,0,0,0,0,0.1398790864012364
74,2,S=C(NC1=CC=CC=C1)NC2=CC=CC=C2,Cl,1.0,1.0,1.0,DMSO,15,Cl-/NO3-,POPC,ISE,NaCl,489,7.2,270,,N,,5,2012,Transporter was not active enough to perform Hill analysis.,S=C(Nc1ccccc1)Nc1ccccc1,,0,1,0,0,0,0,0,0,0,0,0,N
228,5,O=C(NC1=CC=CC=C1)NC2=CC=CC3=C2NC=C3,Cl,1.0,1.0,1.0,DMSO,95,Cl-/NO3-,POPC,ISE,NaCl,489,7.2,270,,N,,22,2012,Towards “drug-like” indole-based transmembrane anion transporters - Chemical Science (RSC Publishing),O=C(Nc1ccccc1)Nc1cccc2cc[nH]c12,,0,0,1,0,1,0,0,0,0,0,0,N
227,4,S=C(NCCCCCC)NC1=CC(C(F)(F)F)=CC2=C1NC(CCCC)=C2,Cl,1.0,1.0,1.0,DMSO,40,Cl-/NO3-,POPC,ISE,NaCl,489,7.2,270,0.016,0.016,1.7,22,2012,Towards “drug-like” indole-based transmembrane anion transporters - Chemical Science (RSC Publishing),CCCCCCNC(=S)Nc1cc(C(F)(F)F)cc2cc(CCCC)[nH]c12,-1.7958800173440752,1,1,0,0,1,0,0,0,0,0,0,-1.7958800173440752
242,7,O=C(NCCCCCCCNC(NC1=C2C(C=CN2)=CC=C1)=O)NC3=C4C(C=CN4)=CC=C3,Cl,1.0,1.0,1.0,DMSO,32,Cl-/NO3-,POPC,ISE,NaCl,489,7.2,270,2.8,2.8,1.9,24,2012,Tunable transmembrane chloride transport by bis-indolylureas - Chemical Science (RSC Publishing),O=C(NCCCCCCCNC(=O)Nc1cccc2cc[nH]c12)Nc1cccc2cc[nH]c12,0.4471580313422192,0,0,1,0,1,0,0,0,0,0,0,0.4471580313422192
225,2,S=C(NCCCCCC)NC1=CC=CC2=C1NC=C2,Cl,1.0,1.0,1.0,DMSO,17,Cl-/NO3-,POPC,ISE,NaCl,489,7.2,270,0.029,0.029,0.8,22,2012,Towards “drug-like” indole-based transmembrane anion transporters - Chemical Science (RSC Publishing),CCCCCCNC(=S)Nc1cccc2cc[nH]c12,-1.537602002101044,1,1,0,0,1,0,0,0,0,0,0,-1.537602002101044
224,1,O=C(NCCCCCC)NC1=CC=CC2=C1NC=C2,Cl,1.0,1.0,1.0,DMSO,64,Cl-/NO3-,POPC,ISE,NaCl,489,7.2,270,,N,,22,2012,Towards “drug-like” indole-based transmembrane anion transporters - Chemical Science (RSC Publishing),CCCCCCNC(=O)Nc1cccc2cc[nH]c12,,0,0,1,0,1,0,0,0,0,0,0,N
226,3,O=C(NCCCCCC)NC1=CC(C(F)(F)F)=CC2=C1NC(CCCC)=C2,Cl,1.0,1.0,1.0,DMSO,154,Cl-/NO3-,POPC,ISE,NaCl,489,7.2,270,0.47,0.47,1.3,22,2012,Towards “drug-like” indole-based transmembrane anion transporters - Chemical Science (RSC Publishing),CCCCCCNC(=O)Nc1cc(C(F)(F)F)cc2cc(CCCC)[nH]c12,-0.3279021420642826,1,0,1,0,1,0,0,0,0,0,0,-0.3279021420642826
116,11,O=C(NC1=CC=C([N+]([O-])=O)C=C1)NC2=CC=CC=C2,Cl,1.0,1.0,1.0,DMSO,57,Cl-/NO3-,POPC,ISE,NaCl,488,7.2,270,1.05,1.05,1.5,8,2013,"Chloride, carboxylate and carbonate transport by ortho-phenylenediamine-based bisureas - Chemical Science (RSC Publishing)",O=C(Nc1ccccc1)Nc1ccc([N+](=O)[O-])cc1,0.021189299069938,0,0,1,0,0,0,0,0,0,0,0,0.021189299069938
106,1,O=C(NC1=CC=CC=C1)NC2=C(NC(NC3=CC=CC=C3)=O)C=CC=C2,Cl,1.0,1.0,1.0,DMSO,43,Cl-/NO3-,POPC,ISE,NaCl,488,7.2,270,,N,,8,2013,"Chloride, carboxylate and carbonate transport by ortho-phenylenediamine-based bisureas - Chemical Science (RSC Publishing)",O=C(Nc1ccccc1)Nc1ccccc1NC(=O)Nc1ccccc1,,0,0,1,0,0,0,0,0,0,0,0,N
114,9,O=C(NC1=CC=C(C#N)C=C1)NC2=CC=CC=C2,Cl,1.0,1.0,1.0,DMSO,41,Cl-/NO3-,POPC,ISE,NaCl,488,7.2,270,1.76,1.76,1.8,8,2013,"Chloride, carboxylate and carbonate transport by ortho-phenylenediamine-based bisureas - Chemical Science (RSC Publishing)",N#Cc1ccc(NC(=O)Nc2ccccc2)cc1,0.2455126678141498,0,0,1,0,0,0,0,0,0,0,0,0.2455126678141498
113,8,O=C(NC1=C([N+]([O-])=O)C=CC=C1)NC2=C(NC(NC3=CC=CC=C3[N+]([O-])=O)=O)C=CC=C2,Cl,1.0,1.0,1.0,DMSO,<10,Cl-/NO3-,POPC,ISE,NaCl,488,7.2,270,,N,,8,2013,"Chloride, carboxylate and carbonate transport by ortho-phenylenediamine-based bisureas - Chemical Science (RSC Publishing)",O=C(Nc1ccccc1NC(=O)Nc1ccccc1[N+](=O)[O-])Nc1ccccc1[N+](=O)[O-],,0,0,1,0,0,0,0,0,0,0,0,N
112,7,O=C(NC1=CC([N+]([O-])=O)=CC=C1)NC2=C(NC(NC3=CC=CC([N+]([O-])=O)=C3)=O)C=CC=C2,Cl,1.0,1.0,1.0,DMSO,81,Cl-/NO3-,POPC,ISE,NaCl,488,7.2,270,0.084,0.084,1.0,8,2013,"Chloride, carboxylate and carbonate transport by ortho-phenylenediamine-based bisureas - Chemical Science (RSC Publishing)",O=C(Nc1cccc([N+](=O)[O-])c1)Nc1ccccc1NC(=O)Nc1cccc([N+](=O)[O-])c1,-1.0757207139381184,1,0,1,0,0,0,0,0,0,0,0,-1.0757207139381184
111,6,O=C(NC1=CC=C([N+]([O-])=O)C=C1)NC2=C(NC(NC3=CC=C([N+]([O-])=O)C=C3)=O)C=CC=C2,Cl,1.0,1.0,1.0,DMSO,78,Cl-/NO3-,POPC,ISE,NaCl,488,7.2,270,0.0048,0.0048,0.9,8,2013,"Chloride, carboxylate and carbonate transport by ortho-phenylenediamine-based bisureas - Chemical Science (RSC Publishing)",O=C(Nc1ccc([N+](=O)[O-])cc1)Nc1ccccc1NC(=O)Nc1ccc([N+](=O)[O-])cc1,-2.318758762624413,1,0,1,0,0,0,0,0,0,0,0,-2.318758762624413
110,5,O=C(NC1=CC=C(C(F)(F)F)C=C1)NC2=C(NC(NC3=CC=C(C(F)(F)F)C=C3)=O)C=CC=C2,Cl,1.0,1.0,1.0,DMSO,78,Cl-/NO3-,POPC,ISE,NaCl,488,7.2,270,0.018,0.018,1.2,8,2013,"Chloride, carboxylate and carbonate transport by ortho-phenylenediamine-based bisureas - Chemical Science (RSC Publishing)",O=C(Nc1ccc(C(F)(F)F)cc1)Nc1ccccc1NC(=O)Nc1ccc(C(F)(F)F)cc1,-1.744727494896694,1,0,1,0,0,0,0,0,0,0,0,-1.744727494896694
109,4,O=C(NC1=CC=C(C#N)C=C1)NC2=C(NC(NC3=CC=C([N+]#[C-])C=C3)=O)C=CC=C2,Cl,1.0,1.0,1.0,DMSO,74,Cl-/NO3-,POPC,ISE,NaCl,488,7.2,270,0.011,0.011,0.7,8,2013,"Chloride, carboxylate and carbonate transport by ortho-phenylenediamine-based bisureas - Chemical Science (RSC Publishing)",[C-]#[N+]c1ccc(NC(=O)Nc2ccccc2NC(=O)Nc2ccc(C#N)cc2)cc1,-1.958607314841775,1,0,1,0,0,0,0,0,0,0,0,-1.958607314841775
108,3,O=C(NC1=CC=CC=C1)NC2=C(NC(NC3=CC=CC=C3)=O)C=C(Cl)C(Cl)=C2,Cl,1.0,1.0,1.0,DMSO,67,Cl-/NO3-,POPC,ISE,NaCl,488,7.2,270,0.39,0.39,0.7,8,2013,"Chloride, carboxylate and carbonate transport by ortho-phenylenediamine-based bisureas - Chemical Science (RSC Publishing)",O=C(Nc1ccccc1)Nc1cc(Cl)c(Cl)cc1NC(=O)Nc1ccccc1,-0.4089353929735008,1,0,1,0,0,0,0,0,0,0,0,-0.4089353929735008
115,10,O=C(NC1=CC=C(C(F)(F)F)C=C1)NC2=CC=CC=C2,Cl,1.0,1.0,1.0,DMSO,61,Cl-/NO3-,POPC,ISE,NaCl,488,7.2,270,1.8,1.8,2.1,8,2013,"Chloride, carboxylate and carbonate transport by ortho-phenylenediamine-based bisureas - Chemical Science (RSC Publishing)",O=C(Nc1ccccc1)Nc1ccc(C(F)(F)F)cc1,0.255272505103306,0,0,1,0,0,0,0,0,0,0,0,0.255272505103306
0,1,S=C(NCCCCCC)NC1=CC=C(Br)C=C1,Cl,1.0,1.0,1.0,DMSO,18.62,Cl-/NO3-,POPC,ISE,NaCl,489,7.2,270,0.93,0.93,,1,2013,Towards predictable transmembrane transport: QSAR analysis of anion binding and transport - Chemical Science (RSC Publishing),CCCCCCNC(=S)Nc1ccc(Br)cc1,-0.0315170514460648,1,1,0,0,0,0,0,0,0,0,0,-0.0315170514460648
11,12,S=C(NCCCCCC)NC1=CC=C(OC(C)=O)C=C1,Cl,1.0,1.0,1.0,DMSO,17.38,Cl-/NO3-,POPC,ISE,NaCl,489,7.2,270,12.06,12.06,1.94,1,2013,Towards predictable transmembrane transport: QSAR analysis of anion binding and transport - Chemical Science (RSC Publishing),CCCCCCNC(=S)Nc1ccc(OC(C)=O)cc1,1.0813473078041325,0,1,0,0,0,0,0,0,0,0,0,1.0813473078041325
16,17,S=C(NCCCCCC)NC1=CC=C(S(=O)(C)=O)C=C1,Cl,1.0,1.0,1.0,DMSO,38.02,Cl-/NO3-,POPC,ISE,NaCl,489,7.2,270,10.58,10.58,2.48,1,2013,Towards predictable transmembrane transport: QSAR analysis of anion binding and transport - Chemical Science (RSC Publishing),CCCCCCNC(=S)Nc1ccc(S(C)(=O)=O)cc1,1.024485667699167,0,1,0,0,0,0,0,0,0,0,0,1.024485667699167
15,16,S=C(NCCCCCC)NC1=CC=C(SC)C=C1,Cl,1.0,1.0,1.0,DMSO,14.79,Cl-/NO3-,POPC,ISE,NaCl,489,7.2,270,2.57,2.57,1.6,1,2013,Towards predictable transmembrane transport: QSAR analysis of anion binding and transport - Chemical Science (RSC Publishing),CCCCCCNC(=S)Nc1ccc(SC)cc1,0.4099331233312945,0,1,0,0,0,0,0,0,0,0,0,0.4099331233312945
14,15,S=C(NCCCCCC)NC1=CC=C(OC)C=C1,Cl,1.0,1.0,1.0,DMSO,10.72,Cl-/NO3-,POPC,ISE,NaCl,489,7.2,270,5.43,5.43,1.29,1,2013,Towards predictable transmembrane transport: QSAR analysis of anion binding and transport - Chemical Science (RSC Publishing),CCCCCCNC(=S)Nc1ccc(OC)cc1,0.7347998295888469,0,1,0,0,0,0,0,0,0,0,0,0.7347998295888469
13,14,S=C(NCCCCCC)NC1=CC=C(OCC)C=C1,Cl,1.0,1.0,1.0,DMSO,12.3,Cl-/NO3-,POPC,ISE,NaCl,489,7.2,270,1.86,1.86,,1,2013,Towards predictable transmembrane transport: QSAR analysis of anion binding and transport - Chemical Science (RSC Publishing),CCCCCCNC(=S)Nc1ccc(OCC)cc1,0.2695129442179163,0,1,0,0,0,0,0,0,0,0,0,0.2695129442179163
12,13,S=C(NCCCCCC)NC1=CC=C(OC(F)(F)F)C=C1,Cl,1.0,1.0,1.0,DMSO,24.55,Cl-/NO3-,POPC,ISE,NaCl,489,7.2,270,0.42,0.42,1.41,1,2013,Towards predictable transmembrane transport: QSAR analysis of anion binding and transport - Chemical Science (RSC Publishing),CCCCCCNC(=S)Nc1ccc(OC(F)(F)F)cc1,-0.3767507096020995,1,1,0,0,0,0,0,0,0,0,0,-0.3767507096020995
10,11,S=C(NCCCCCC)NC1=CC=C([N+]([O-])=O)C=C1,Cl,1.0,1.0,1.0,DMSO,42.66,Cl-/NO3-,POPC,ISE,NaCl,489,7.2,270,0.45,0.45,2.05,1,2013,Towards predictable transmembrane transport: QSAR analysis of anion binding and transport - Chemical Science (RSC Publishing),CCCCCCNC(=S)Nc1ccc([N+](=O)[O-])cc1,-0.3467874862246563,1,1,0,0,0,0,0,0,0,0,0,-0.3467874862246563
9,10,S=C(NCCCCCC)NC1=CC=C(I)C=C1,Cl,1.0,1.0,1.0,DMSO,19.95,Cl-/NO3-,POPC,ISE,NaCl,489,7.2,270,1.01,1.01,1.87,1,2013,Towards predictable transmembrane transport: QSAR analysis of anion binding and transport - Chemical Science (RSC Publishing),CCCCCCNC(=S)Nc1ccc(I)cc1,0.0043213737826425,0,1,0,0,0,0,0,0,0,0,0,0.0043213737826425
8,9,S=C(NCCCCCC)NC1=CC=CC=C1,Cl,1.0,1.0,1.0,DMSO,13.49,Cl-/NO3-,POPC,ISE,NaCl,489,7.2,270,2.67,2.67,0.91,1,2013,Towards predictable transmembrane transport: QSAR analysis of anion binding and transport - Chemical Science (RSC Publishing),CCCCCCNC(=S)Nc1ccccc1,0.4265112613645752,0,1,0,0,0,0,0,0,0,0,0,0.4265112613645752
7,8,S=C(NCCCCCC)NC1=CC=C(F)C=C1,Cl,1.0,1.0,1.0,DMSO,15.49,Cl-/NO3-,POPC,ISE,NaCl,489,7.2,270,2.02,2.02,1.67,1,2013,Towards predictable transmembrane transport: QSAR analysis of anion binding and transport - Chemical Science (RSC Publishing),CCCCCCNC(=S)Nc1ccc(F)cc1,0.3053513694466238,0,1,0,0,0,0,0,0,0,0,0,0.3053513694466238
6,7,S=C(NCCCCCC)NC1=CC=C(C(OC)=O)C=C1,Cl,1.0,1.0,1.0,DMSO,25.7,Cl-/NO3-,POPC,ISE,NaCl,489,7.2,270,2.34,2.34,1.76,1,2013,Towards predictable transmembrane transport: QSAR analysis of anion binding and transport - Chemical Science (RSC Publishing),CCCCCCNC(=S)Nc1ccc(C(=O)OC)cc1,0.3692158574101428,0,1,0,0,0,0,0,0,0,0,0,0.3692158574101428
5,6,S=C(NCCCCCC)NC1=CC=C(C(C)=O)C=C1,Cl,1.0,1.0,1.0,DMSO,26.92,Cl-/NO3-,POPC,ISE,NaCl,489,7.2,270,3.15,3.15,,1,2013,Towards predictable transmembrane transport: QSAR analysis of anion binding and transport - Chemical Science (RSC Publishing),CCCCCCNC(=S)Nc1ccc(C(C)=O)cc1,0.4983105537896005,0,1,0,0,0,0,0,0,0,0,0,0.4983105537896005
4,5,S=C(NCCCCCC)NC1=CC=C(C(C(F)(F)F)=O)C=C1,Cl,1.0,1.0,1.0,DMSO,41.69,Cl-/NO3-,POPC,ISE,NaCl,489,7.2,270,0.93,0.93,1.93,1,2013,Towards predictable transmembrane transport: QSAR analysis of anion binding and transport - Chemical Science (RSC Publishing),CCCCCCNC(=S)Nc1ccc(C(=O)C(F)(F)F)cc1,-0.0315170514460648,1,1,0,0,0,0,0,0,0,0,0,-0.0315170514460648
3,4,S=C(NCCCCCC)NC1=CC=C(C#N)C=C1,Cl,1.0,1.0,1.0,DMSO,31.62,Cl-/NO3-,POPC,ISE,NaCl,489,7.2,270,0.82,0.82,2.11,1,2013,Towards predictable transmembrane transport: QSAR analysis of anion binding and transport - Chemical Science (RSC Publishing),CCCCCCNC(=S)Nc1ccc(C#N)cc1,-0.0861861476162833,1,1,0,0,0,0,0,0,0,0,0,-0.0861861476162833
2,3,S=C(NCCCCCC)NC1=CC=C(Cl)C=C1,Cl,1.0,1.0,1.0,DMSO,19.95,Cl-/NO3-,POPC,ISE,NaCl,489,7.2,270,1.02,1.02,1.57,1,2013,Towards predictable transmembrane transport: QSAR analysis of anion binding and transport - Chemical Science (RSC Publishing),CCCCCCNC(=S)Nc1ccc(Cl)cc1,0.0086001717619175,0,1,0,0,0,0,0,0,0,0,0,0.0086001717619175
1,2,S=C(NCCCCCC)NC1=CC=C(C(F)(F)F)C=C1,Cl,1.0,1.0,1.0,DMSO,26.3,Cl-/NO3-,POPC,ISE,NaCl,489,7.2,270,0.44,0.44,1.65,1,2013,Towards predictable transmembrane transport: QSAR analysis of anion binding and transport - Chemical Science (RSC Publishing),CCCCCCNC(=S)Nc1ccc(C(F)(F)F)cc1,-0.3565473235138126,1,1,0,0,0,0,0,0,0,0,0,-0.3565473235138126
17,18,S=C(NCCCCCC)NC1=CC=C(C)C=C1,Cl,1.0,1.0,1.0,DMSO,10.96,Cl-/NO3-,POPC,ISE,NaCl,489,7.2,270,1.33,1.33,0.88,1,2013,Towards predictable transmembrane transport: QSAR analysis of anion binding and transport - Chemical Science (RSC Publishing),CCCCCCNC(=S)Nc1ccc(C)cc1,0.1238516409670858,0,1,0,0,0,0,0,0,0,0,0,0.1238516409670858
18,19,S=C(NCCCCCC)NC1=CC=C(CC)C=C1,Cl,1.0,1.0,1.0,DMSO,13.49,Cl-/NO3-,POPC,ISE,NaCl,489,7.2,270,0.33,0.33,0.63,1,2013,Towards predictable transmembrane transport: QSAR analysis of anion binding and transport - Chemical Science (RSC Publishing),CCCCCCNC(=S)Nc1ccc(CC)cc1,-0.4814860601221125,1,1,0,0,0,0,0,0,0,0,0,-0.4814860601221125
107,2,O=C(NC1=CC=CC=C1)NC2=C(NC(NC3=CC=CC=C3)=O)C=C(F)C(F)=C2,Cl,1.0,1.0,1.0,DMSO,73,Cl-/NO3-,POPC,ISE,NaCl,488,7.2,270,0.14,0.14,0.9,8,2013,"Chloride, carboxylate and carbonate transport by ortho-phenylenediamine-based bisureas - Chemical Science (RSC Publishing)",O=C(Nc1ccccc1)Nc1cc(F)c(F)cc1NC(=O)Nc1ccccc1,-0.8538719643217619,1,0,1,0,0,0,0,0,0,0,0,-0.8538719643217619
19,20,S=C(NCCCCCC)NC1=CC=C(CCC)C=C1,Cl,1.0,1.0,1.0,DMSO,13.18,Cl-/NO3-,POPC,ISE,NaCl,489,7.2,270,0.13,0.13,,1,2013,Towards predictable transmembrane transport: QSAR analysis of anion binding and transport - Chemical Science (RSC Publishing),CCCCCCNC(=S)Nc1ccc(CCC)cc1,-0.8860566476931632,1,1,0,0,0,0,0,0,0,0,0,-0.8860566476931632
20,21,S=C(NCCCCCC)NC1=CC=C(CCCC)C=C1,Cl,1.0,1.0,1.0,DMSO,12.59,Cl-/NO3-,POPC,ISE,NaCl,489,7.2,270,0.12,0.12,0.77,1,2013,Towards predictable transmembrane transport: QSAR analysis of anion binding and transport - Chemical Science (RSC Publishing),CCCCCCNC(=S)Nc1ccc(CCCC)cc1,-0.9208187539523752,1,1,0,0,0,0,0,0,0,0,0,-0.9208187539523752
21,22,S=C(NCCCCCC)NC1=CC=C(CCCCC)C=C1,Cl,1.0,1.0,1.0,DMSO,12.88,Cl-/NO3-,POPC,ISE,NaCl,489,7.2,270,0.08,0.08,0.86,1,2013,Towards predictable transmembrane transport: QSAR analysis of anion binding and transport - Chemical Science (RSC Publishing),CCCCCCNC(=S)Nc1ccc(CCCCC)cc1,-1.0969100130080565,1,1,0,0,0,0,0,0,0,0,0,-1.0969100130080565
223,8,S=C(NCCCCCC)NC(C1=CC=C(CCCCC)C=C1)=O,Cl,,,,,,Cl-/NO3-,POPC,ISE,NaCl,489,7.2,270,1.1,1.1,2.3,21,2014,Acylthioureas as anion transporters: the effect of intramolecular hydrogen bonding - Organic & Biomolecular Chemistry (RSC Publishing),CCCCCCNC(=S)NC(=O)c1ccc(CCCCC)cc1,0.041392685158225,0,1,0,0,0,0,0,0,0,0,0,0.041392685158225
119,3,O=C(NC1=CC=C(C(F)(F)F)C=C1)NC2=C(NC(NC3=CC=C(C(F)(F)F)C=C3)=O)C=C(F)C(F)=C2,Cl,1.0,1.0,1.0,DMSO,50,Cl-/NO3-,POPC,ISE,NaCl,489,7.2,270,0.0015,0.0015,1.1,9,2014,Highly effective yet simple transmembrane anion transporters based upon ortho-phenylenediamine bis-ureas - Chemical Communications (RSC Publishing),O=C(Nc1ccc(C(F)(F)F)cc1)Nc1cc(F)c(F)cc1NC(=O)Nc1ccc(C(F)(F)F)cc1,-2.8239087409443187,1,0,1,0,0,0,0,0,0,0,0,-2.8239087409443187
118,2,O=C(NC1=CC=C(S(F)(F)(F)(F)F)C=C1)NC2=C(NC(NC3=CC=C(S(F)(F)(F)(F)F)C=C3)=O)C=CC=C2,Cl,1.0,1.0,1.0,DMSO,65,Cl-/NO3-,POPC,ISE,NaCl,489,7.2,270,0.0099,0.0099,1.1,9,2014,Highly effective yet simple transmembrane anion transporters based upon ortho-phenylenediamine bis-ureas - Chemical Communications (RSC Publishing),O=C(Nc1ccc(S(F)(F)(F)(F)F)cc1)Nc1ccccc1NC(=O)Nc1ccc(S(F)(F)(F)(F)F)cc1,-2.00436480540245,1,0,1,0,0,0,0,0,0,0,0,-2.00436480540245
117,1,O=C(NC1=CC=C(C(F)(F)F)C=C1)NC2=C(NC(NC3=CC=C(C(F)(F)F)C=C3)=O)C=CC=C2,Cl,1.0,1.0,1.0,DMSO,78,Cl-/NO3-,POPC,ISE,NaCl,489,7.2,270,0.018,0.018,1.2,9,2014,Highly effective yet simple transmembrane anion transporters based upon ortho-phenylenediamine bis-ureas - Chemical Communications (RSC Publishing),O=C(Nc1ccc(C(F)(F)F)cc1)Nc1ccccc1NC(=O)Nc1ccc(C(F)(F)F)cc1,-1.744727494896694,1,0,1,0,0,0,0,0,0,0,0,-1.744727494896694
297,2,O=C1C(NC2=CC=C(C(F)(F)F)C=C2)=C(NC3=CC=C(C(F)(F)F)C=C3)C1=O,Cl,1.0,1.0,1.0,DMSO,458,Cl-/NO3-,POPC,ISE,NaCl,489,7.2,270,0.06,0.06,,33,2014,Thiosquaramides: pH switchable anion transporters - Chemical Science (RSC Publishing),O=c1c(Nc2ccc(C(F)(F)F)cc2)c(Nc2ccc(C(F)(F)F)cc2)c1=O,-1.2218487496163564,1,0,0,1,0,0,0,0,0,0,0,-1.2218487496163564
296,1,O=C1C(NC2=CC=CC=C2)=C(NC3=CC=CC=C3)C1=O,Cl,1.0,1.0,1.0,DMSO,260,Cl-/NO3-,POPC,ISE,NaCl,489,7.2,270,1.38,1.38,,33,2014,Thiosquaramides: pH switchable anion transporters - Chemical Science (RSC Publishing),O=c1c(Nc2ccccc2)c(Nc2ccccc2)c1=O,0.1398790864012364,0,0,0,1,0,0,0,0,0,0,0,0.1398790864012364
289,9,S=C(NC1=CC=C(C#N)C=C1)NCC2=CC=CC(/N=N\C3=CC=CC(CNC(NC4=CC=C(C#N)C=C4)=S)=C3)=C2,Cl,1.0,1.0,1.0,DMSO,>10000,Cl-/NO3-,POPC,ISE,NaCl,500,7.2,300,0.15,0.15,1.22,31,2014,Azobenzene-based chloride transporters with light-controllable activities - Chemical Communications (RSC Publishing),N#Cc1ccc(NC(=S)NCc2cccc(/N=N\c3cccc(CNC(=S)Nc4ccc(C#N)cc4)c3)c2)cc1,-0.8239087409443188,1,1,0,0,0,0,0,0,0,0,0,-0.8239087409443188
287,7,S=C(NC1=CC=C(C#N)C=C1)NCC(C=C2)=CC=C2/N=N\C3=CC=C(CNC(NC4=CC=C(C#N)C=C4)=S)C=C3,Cl,1.0,1.0,1.0,DMSO,5900,Cl-/NO3-,POPC,ISE,NaCl,500,7.2,300,0.19,0.19,1.48,31,2014,Azobenzene-based chloride transporters with light-controllable activities - Chemical Communications (RSC Publishing),N#Cc1ccc(NC(=S)NCc2ccc(/N=N\c3ccc(CNC(=S)Nc4ccc(C#N)cc4)cc3)cc2)cc1,-0.721246399047171,1,1,0,0,0,0,0,0,0,0,0,-0.721246399047171
120,4,O=C(NC1=CC=C(S(F)(F)(F)(F)F)C=C1)NC2=C(NC(NC3=CC=C(S(F)(F)(F)(F)F)C=C3)=O)C=C(F)C(F)=C2,Cl,1.0,1.0,1.0,DMSO,71,Cl-/NO3-,POPC,ISE,NaCl,489,7.2,270,0.003,0.003,1.1,9,2014,Highly effective yet simple transmembrane anion transporters based upon ortho-phenylenediamine bis-ureas - Chemical Communications (RSC Publishing),O=C(Nc1ccc(S(F)(F)(F)(F)F)cc1)Nc1cc(F)c(F)cc1NC(=O)Nc1ccc(S(F)(F)(F)(F)F)cc1,-2.5228787452803374,1,0,1,0,0,0,0,0,0,0,0,-2.5228787452803374
286,6,O=C(NC1=CC=C(C#N)C=C1)NCC(C=C2)=CC=C2/N=N\C3=CC=C(CNC(NC4=CC=C(C#N)C=C4)=O)C=C3,Cl,1.0,1.0,1.0,DMSO,2800,Cl-/NO3-,POPC,ISE,NaCl,500,7.2,300,1.13,1.13,1.07,31,2014,Azobenzene-based chloride transporters with light-controllable activities - Chemical Communications (RSC Publishing),N#Cc1ccc(NC(=O)NCc2ccc(/N=N\c3ccc(CNC(=O)Nc4ccc(C#N)cc4)cc3)cc2)cc1,0.0530784434834196,0,0,1,0,0,0,0,0,0,0,0,0.0530784434834196
285,5,O=C(NC1=CC=C(C(F)(F)F)C=C1)NCC(C=C2)=CC=C2/N=N\C3=CC=C(CNC(NC4=CC=C(C(F)(F)F)C=C4)=O)C=C3,Cl,1.0,1.0,1.0,DMSO,1300,Cl-/NO3-,POPC,ISE,NaCl,500,7.2,300,2.35,2.35,1.08,31,2014,Azobenzene-based chloride transporters with light-controllable activities - Chemical Communications (RSC Publishing),O=C(NCc1ccc(/N=N\c2ccc(CNC(=O)Nc3ccc(C(F)(F)F)cc3)cc2)cc1)Nc1ccc(C(F)(F)F)cc1,0.3710678622717362,0,0,1,0,0,0,0,0,0,0,0,0.3710678622717362
284,4,O=C(NC1=CC=C(C(OCCCC)=O)C=C1)NCC(C=C2)=CC=C2/N=N\C3=CC=C(CNC(NC4=CC=C(C(OCCCC)=O)C=C4)=O)C=C3,Cl,1.0,1.0,1.0,DMSO,1000,Cl-/NO3-,POPC,ISE,NaCl,500,7.2,300,,N,,31,2014,Azobenzene-based chloride transporters with light-controllable activities - Chemical Communications (RSC Publishing),CCCCOC(=O)c1ccc(NC(=O)NCc2ccc(/N=N\c3ccc(CNC(=O)Nc4ccc(C(=O)OCCCC)cc4)cc3)cc2)cc1,,0,0,1,0,0,0,0,0,0,0,0,N
283,3,O=C(NC1=CC=C(C(OC)=O)C=C1)NCC(C=C2)=CC=C2/N=N\C3=CC=C(CNC(NC4=CC=C(C(OC)=O)C=C4)=O)C=C3,Cl,1.0,1.0,1.0,DMSO,,Cl-/NO3-,POPC,ISE,NaCl,500,7.2,300,4.62,4.62,1.24,31,2014,Azobenzene-based chloride transporters with light-controllable activities - Chemical Communications (RSC Publishing),COC(=O)c1ccc(NC(=O)NCc2ccc(/N=N\c3ccc(CNC(=O)Nc4ccc(C(=O)OC)cc4)cc3)cc2)cc1,0.6646419755561255,0,0,1,0,0,0,0,0,0,0,0,0.6646419755561255
288,8,O=C(NC1=CC=C(C#N)C=C1)NCC2=CC=CC(/N=N\C3=CC=CC(CNC(NC4=CC=C(C#N)C=C4)=O)=C3)=C2,Cl,1.0,1.0,1.0,DMSO,8400,Cl-/NO3-,POPC,ISE,NaCl,500,7.2,300,0.38,0.38,0.9,31,2014,Azobenzene-based chloride transporters with light-controllable activities - Chemical Communications (RSC Publishing),N#Cc1ccc(NC(=O)NCc2cccc(/N=N\c3cccc(CNC(=O)Nc4ccc(C#N)cc4)c3)c2)cc1,-0.4202164033831898,1,0,1,0,0,0,0,0,0,0,0,-0.4202164033831898
121,5,O=C(NC1=CC=C([N+]([O-])=O)C=C1)NC2=C(NC(NC3=CC=C([N+]([O-])=O)C=C3)=O)C=CC=C2,Cl,1.0,1.0,1.0,DMSO,78,Cl-/NO3-,POPC,ISE,NaCl,489,7.2,270,0.0048,0.0048,0.9,9,2014,Highly effective yet simple transmembrane anion transporters based upon ortho-phenylenediamine bis-ureas - Chemical Communications (RSC Publishing),O=C(Nc1ccc([N+](=O)[O-])cc1)Nc1ccccc1NC(=O)Nc1ccc([N+](=O)[O-])cc1,-2.318758762624413,1,0,1,0,0,0,0,0,0,0,0,-2.318758762624413
123,7,O=C(NC1=CC(C(F)(F)F)=CC(C(F)(F)F)=C1)NC2=C(NC(NC3=CC(C(F)(F)F)=CC(C(F)(F)F)=C3)=O)C=C(F)C(F)=C2,Cl,1.0,1.0,1.0,DMSO,,Cl-/NO3-,POPC,ISE,NaCl,489,7.2,270,0.0016,0.0016,1.1,9,2014,Highly effective yet simple transmembrane anion transporters based upon ortho-phenylenediamine bis-ureas - Chemical Communications (RSC Publishing),O=C(Nc1cc(C(F)(F)F)cc(C(F)(F)F)c1)Nc1cc(F)c(F)cc1NC(=O)Nc1cc(C(F)(F)F)cc(C(F)(F)F)c1,-2.795880017344075,1,0,1,0,0,0,0,0,0,0,0,-2.795880017344075
222,7,S=C(NCCCCCC)NC(C1=CC=C(OC)C=C1)=O,Cl,,,,,,Cl-/NO3-,POPC,ISE,NaCl,489,7.2,270,0.28,0.28,2.03,21,2014,Acylthioureas as anion transporters: the effect of intramolecular hydrogen bonding - Organic & Biomolecular Chemistry (RSC Publishing),CCCCCCNC(=S)NC(=O)c1ccc(OC)cc1,-0.5528419686577808,1,1,0,0,0,0,0,0,0,0,0,-0.5528419686577808
124,8,CC(C(CCCCC)=C/1)=NC1=C/C2=C(OC)C=C(N2)C3=CC=CN3,Cl,1.0,1.0,1.0,DMSO,,Cl-/NO3-,POPC,ISE,NaCl,489,7.2,270,0.00064,0.00064,1.3,9,2014,Highly effective yet simple transmembrane anion transporters based upon ortho-phenylenediamine bis-ureas - Chemical Communications (RSC Publishing),CCCCCC1=C/C(=C/c2[nH]c(-c3ccc[nH]3)cc2OC)N=C1C,-3.193820026016113,1,0,0,0,0,1,0,0,0,0,0,-3.193820026016113
302,7,S=C1C(NC2=CC(C(F)(F)F)=CC(C(F)(F)F)=C2)=C(NC3=CC(C(F)(F)F)=CC(C(F)(F)F)=C3)C1=S,Cl,1.0,1.0,1.0,DMSO,,Cl-/NO3-,POPC,ISE,NaCl,489,7.2,270,,N,,33,2014,Thiosquaramides: pH switchable anion transporters - Chemical Science (RSC Publishing),FC(F)(F)c1cc(Nc2c(Nc3cc(C(F)(F)F)cc(C(F)(F)F)c3)c(=S)c2=S)cc(C(F)(F)F)c1,,0,0,0,1,0,0,0,0,0,0,0,N
216,1,S=C(NCCCCCC)NC1=CC=CC=C1,Cl,,,,,,Cl-/NO3-,POPC,ISE,NaCl,489,7.2,270,2.7,2.7,0.9,21,2014,Acylthioureas as anion transporters: the effect of intramolecular hydrogen bonding - Organic & Biomolecular Chemistry (RSC Publishing),CCCCCCNC(=S)Nc1ccccc1,0.4313637641589873,0,1,0,0,0,0,0,0,0,0,0,0.4313637641589873
217,2,S=C(NCCCCCC)NC1=CC=C(C(F)(F)F)C=C1,Cl,,,,,,Cl-/NO3-,POPC,ISE,NaCl,489,7.2,270,0.44,0.44,1.58,21,2014,Acylthioureas as anion transporters: the effect of intramolecular hydrogen bonding - Organic & Biomolecular Chemistry (RSC Publishing),CCCCCCNC(=S)Nc1ccc(C(F)(F)F)cc1,-0.3565473235138126,1,1,0,0,0,0,0,0,0,0,0,-0.3565473235138126
218,3,S=C(NCCCCCC)NC1=CC=C(OC)C=C1,Cl,,,,,,Cl-/NO3-,POPC,ISE,NaCl,489,7.2,270,5.5,5.5,1.26,21,2014,Acylthioureas as anion transporters: the effect of intramolecular hydrogen bonding - Organic & Biomolecular Chemistry (RSC Publishing),CCCCCCNC(=S)Nc1ccc(OC)cc1,0.7403626894942439,0,1,0,0,0,0,0,0,0,0,0,0.7403626894942439
219,4,S=C(NCCCCCC)NC1=CC=C(CCCCC)C=C1,Cl,,,,,,Cl-/NO3-,POPC,ISE,NaCl,489,7.2,270,0.08,0.08,0.86,21,2014,Acylthioureas as anion transporters: the effect of intramolecular hydrogen bonding - Organic & Biomolecular Chemistry (RSC Publishing),CCCCCCNC(=S)Nc1ccc(CCCCC)cc1,-1.0969100130080565,1,1,0,0,0,0,0,0,0,0,0,-1.0969100130080565
220,5,S=C(NCCCCCC)NC(C1=CC=CC=C1)=O,Cl,,,,,,Cl-/NO3-,POPC,ISE,NaCl,489,7.2,270,0.33,0.33,2.07,21,2014,Acylthioureas as anion transporters: the effect of intramolecular hydrogen bonding - Organic & Biomolecular Chemistry (RSC Publishing),CCCCCCNC(=S)NC(=O)c1ccccc1,-0.4814860601221125,1,1,0,0,0,0,0,0,0,0,0,-0.4814860601221125
221,6,S=C(NCCCCCC)NC(C1=CC=C(C(F)(F)F)C=C1)=O,Cl,,,,,,Cl-/NO3-,POPC,ISE,NaCl,489,7.2,270,0.69,0.69,2.76,21,2014,Acylthioureas as anion transporters: the effect of intramolecular hydrogen bonding - Organic & Biomolecular Chemistry (RSC Publishing),CCCCCCNC(=S)NC(=O)c1ccc(C(F)(F)F)cc1,-0.1611509092627447,1,1,0,0,0,0,0,0,0,0,0,-0.1611509092627447
298,3,O=C1C(NC2=CC(C(F)(F)F)=CC(C(F)(F)F)=C2)=C(NC3=CC(C(F)(F)F)=CC(C(F)(F)F)=C3)C1=O,Cl,1.0,1.0,1.0,DMSO,643,Cl-/NO3-,POPC,ISE,NaCl,489,7.2,270,0.01,0.01,,33,2014,Thiosquaramides: pH switchable anion transporters - Chemical Science (RSC Publishing),O=c1c(Nc2cc(C(F)(F)F)cc(C(F)(F)F)c2)c(Nc2cc(C(F)(F)F)cc(C(F)(F)F)c2)c1=O,-2.0,1,0,0,1,0,0,0,0,0,0,0,-2.0
281,1,O=C(NC1=CC=CC=C1)NCC(C=C2)=CC=C2/N=N\C3=CC=C(CNC(NC4=CC=CC=C4)=O)C=C3,Cl,1.0,1.0,1.0,DMSO,,Cl-/NO3-,POPC,ISE,NaCl,500,7.2,300,5.34,5.34,1.59,31,2014,Azobenzene-based chloride transporters with light-controllable activities - Chemical Communications (RSC Publishing),O=C(NCc1ccc(/N=N\c2ccc(CNC(=O)Nc3ccccc3)cc2)cc1)Nc1ccccc1,0.7275412570285564,0,0,1,0,0,0,0,0,0,0,0,0.7275412570285564
299,4,O=C1C(NC2=CC(C(C)(C)C)=CC(C(C)(C)C)=C2)=C(NC3=CC(C(C)(C)C)=CC(C(C)(C)C)=C3)C1=O,Cl,1.0,1.0,1.0,DMSO,145,Cl-/NO3-,POPC,ISE,NaCl,489,7.2,270,,N,,33,2014,Thiosquaramides: pH switchable anion transporters - Chemical Science (RSC Publishing),CC(C)(C)c1cc(Nc2c(Nc3cc(C(C)(C)C)cc(C(C)(C)C)c3)c(=O)c2=O)cc(C(C)(C)C)c1,,0,0,0,1,0,0,0,0,0,0,0,N
300,5,S=C1C(NC2=CC=CC=C2)=C(NC3=CC=CC=C3)C1=S,Cl,1.0,1.0,1.0,DMSO,270,Cl-/NO3-,POPC,ISE,NaCl,489,7.2,270,,N,,33,2014,Thiosquaramides: pH switchable anion transporters - Chemical Science (RSC Publishing),S=c1c(Nc2ccccc2)c(Nc2ccccc2)c1=S,,0,0,0,1,0,0,0,0,0,0,0,N
301,6,S=C1C(NC2=CC=C(C(F)(F)F)C=C2)=C(NC3=CC=C(C(F)(F)F)C=C3)C1=S,Cl,1.0,1.0,1.0,DMSO,60,Cl-/NO3-,POPC,ISE,NaCl,489,7.2,270,0.68,0.68,,33,2014,Thiosquaramides: pH switchable anion transporters - Chemical Science (RSC Publishing),FC(F)(F)c1ccc(Nc2c(Nc3ccc(C(F)(F)F)cc3)c(=S)c2=S)cc1,-0.1674910872937636,1,0,0,1,0,0,0,0,0,0,0,-0.1674910872937636
122,6,O=C(NC1=CC=C([N+]([O-])=O)C=C1)NC2=C(NC(NC3=CC=C([N+]([O-])=O)C=C3)=O)C=C(F)C(F)=C2,Cl,1.0,1.0,1.0,DMSO,94,Cl-/NO3-,POPC,ISE,NaCl,489,7.2,270,0.0019,0.0019,1.1,9,2014,Highly effective yet simple transmembrane anion transporters based upon ortho-phenylenediamine bis-ureas - Chemical Communications (RSC Publishing),O=C(Nc1ccc([N+](=O)[O-])cc1)Nc1cc(F)c(F)cc1NC(=O)Nc1ccc([N+](=O)[O-])cc1,-2.721246399047171,1,0,1,0,0,0,0,0,0,0,0,-2.721246399047171
282,2,O=C(NC1=CC=C(C(C)(C)C)C=C1)NCC(C=C2)=CC=C2/N=N\C3=CC=C(CNC(NC4=CC=C(C(C)(C)C)C=C4)=O)C=C3,Cl,1.0,1.0,1.0,DMSO,310,Cl-/NO3-,POPC,ISE,NaCl,500,7.2,300,,N,,31,2014,Azobenzene-based chloride transporters with light-controllable activities - Chemical Communications (RSC Publishing),CC(C)(C)c1ccc(NC(=O)NCc2ccc(/N=N\c3ccc(CNC(=O)Nc4ccc(C(C)(C)C)cc4)cc3)cc2)cc1,,0,0,1,0,0,0,0,0,0,0,0,N
303,8,S=C1C(NC2=CC(C(C)(C)C)=CC(C(C)(C)C)=C2)=C(NC3=CC(C(C)(C)C)=CC(C(C)(C)C)=C3)C1=S,Cl,1.0,1.0,1.0,DMSO,402,Cl-/NO3-,POPC,ISE,NaCl,489,7.2,270,,N,,33,2014,Thiosquaramides: pH switchable anion transporters - Chemical Science (RSC Publishing),CC(C)(C)c1cc(Nc2c(Nc3cc(C(C)(C)C)cc(C(C)(C)C)c3)c(=S)c2=S)cc(C(C)(C)C)c1,,0,0,0,1,0,0,0,0,0,0,0,N
69,10e,S=C(NCCCCCC)NC1=CC=C(CCCCC)C=C1,Cl,1.0,1.0,1.0,CDCl3,42,Cl-/NO3-,POPC,ISE,NaCl,489,7.2,270,0.08,0.08,,4,2014,Lipophilic balance – a new design principle for transmembrane anion carriers - Chemical Science (RSC Publishing),CCCCCCNC(=S)Nc1ccc(CCCCC)cc1,-1.0969100130080565,1,1,0,0,0,0,0,0,0,0,0,-1.0969100130080565
65,10a,S=C(NCCCCCC)NC1=CC=CC=C1,Cl,1.0,1.0,1.0,CDCl3,93,Cl-/NO3-,POPC,ISE,NaCl,489,7.2,270,2.7,2.7,,4,2014,Lipophilic balance – a new design principle for transmembrane anion carriers - Chemical Science (RSC Publishing),CCCCCCNC(=S)Nc1ccccc1,0.4313637641589873,0,1,0,0,0,0,0,0,0,0,0,0.4313637641589873
66,10b,S=C(NCCCCCC)NC1=CC=C(CC)C=C1,Cl,1.0,1.0,1.0,CDCl3,47,Cl-/NO3-,POPC,ISE,NaCl,489,7.2,270,0.3,0.3,,4,2014,Lipophilic balance – a new design principle for transmembrane anion carriers - Chemical Science (RSC Publishing),CCCCCCNC(=S)Nc1ccc(CC)cc1,-0.5228787452803376,1,1,0,0,0,0,0,0,0,0,0,-0.5228787452803376
67,10c,S=C(NCCCCCCCCCC)NC1=CC=CC=C1,Cl,1.0,1.0,1.0,CDCl3,107,Cl-/NO3-,POPC,ISE,NaCl,489,7.2,270,5.3,5.3,,4,2014,Lipophilic balance – a new design principle for transmembrane anion carriers - Chemical Science (RSC Publishing),CCCCCCCCCCNC(=S)Nc1ccccc1,0.724275869600789,0,1,0,0,0,0,0,0,0,0,0,0.724275869600789
68,10d,S=C(NCCCCCCCCC)NC1=CC=C(CC)C=C1,Cl,1.0,1.0,1.0,CDCl3,44,Cl-/NO3-,POPC,ISE,NaCl,489,7.2,270,0.4,0.4,,4,2014,Lipophilic balance – a new design principle for transmembrane anion carriers - Chemical Science (RSC Publishing),CCCCCCCCCNC(=S)Nc1ccc(CC)cc1,-0.3979400086720376,1,1,0,0,0,0,0,0,0,0,0,-0.3979400086720376
72,10h,S=C(NC1CCCCC1)NC2=CC=C(CCCCC)C=C2,Cl,1.0,1.0,1.0,CDCl3,30,Cl-/NO3-,POPC,ISE,NaCl,489,7.2,270,0.1,0.1,,4,2014,Lipophilic balance – a new design principle for transmembrane anion carriers - Chemical Science (RSC Publishing),CCCCCc1ccc(NC(=S)NC2CCCCC2)cc1,-1.0,1,1,0,0,0,0,0,0,0,0,0,-1.0
70,10f,S=C(NCCC)NC1=CC=C(CCCCCCCC)C=C1,Cl,1.0,1.0,1.0,CDCl3,52,Cl-/NO3-,POPC,ISE,NaCl,489,7.2,270,1.5,1.5,,4,2014,Lipophilic balance – a new design principle for transmembrane anion carriers - Chemical Science (RSC Publishing),CCCCCCCCc1ccc(NC(=S)NCCC)cc1,0.1760912590556812,0,1,0,0,0,0,0,0,0,0,0,0.1760912590556812
71,10g,S=C(NCC)NC1=CC=C(CCCCCCCCC)C=C1,Cl,1.0,1.0,1.0,CDCl3,53,Cl-/NO3-,POPC,ISE,NaCl,489,7.2,270,,N,,4,2014,Lipophilic balance – a new design principle for transmembrane anion carriers - Chemical Science (RSC Publishing),CCCCCCCCCc1ccc(NC(=S)NCC)cc1,,0,1,0,0,0,0,0,0,0,0,0,N
211,6b,S=C(NCCCCCCCN1)NCC2=CN(N=N2)C3=CC=CC(N4C=C(CNC1=S)N=N4)=N3,Cl,1.0,1.0,1.0,DMSO,56.23,Cl-/NO3-,POPC,ISE,NaCl,489,7.2,270,0.7,0.7,1.0,20,2015,"Anion binding and transport properties of cyclic 2,6-bis(1,2,3-triazol-1-yl)pyridines - Organic & Biomolecular Chemistry (RSC Publishing)",S=C1NCCCCCCCNC(=S)NCc2cn(nn2)-c2cccc(n2)-n2cc(nn2)CN1,-0.1549019599857432,1,1,0,0,0,0,0,0,0,0,0,-0.1549019599857432
210,6a,S=C(NCCCCCCN1)NCC2=CN(N=N2)C3=CC=CC(N4C=C(CNC1=S)N=N4)=N3,Cl,1.0,1.0,1.0,DMSO,37.15,Cl-/NO3-,POPC,ISE,NaCl,489,7.2,270,2.7,2.7,1.2,20,2015,"Anion binding and transport properties of cyclic 2,6-bis(1,2,3-triazol-1-yl)pyridines - Organic & Biomolecular Chemistry (RSC Publishing)",S=C1NCCCCCCNC(=S)NCc2cn(nn2)-c2cccc(n2)-n2cc(nn2)CN1,0.4313637641589873,0,1,0,0,0,0,0,0,0,0,0,0.4313637641589873
209,L6,O=C(NC1=CC=C([N+]([O-])=O)C=C1)NCC2=CC=CC(CNC(NC3=CC=C([N+]([O-])=O)C=C3)=O)=N2,Cl,1.0,1.0,1.0,DMSO,229,Cl-/NO3-,POPC,ISE,NaCl,489,7.2,270,0.2,0.2,1.1,19,2015,"Anion complexation, transport and structural studies of a series of bis-methylurea compounds - Dalton Transactions (RSC Publishing) DOI:10.1039/C4DT02893G",O=C(NCc1cccc(CNC(=O)Nc2ccc([N+](=O)[O-])cc2)n1)Nc1ccc([N+](=O)[O-])cc1,-0.6989700043360187,1,0,1,0,0,0,0,0,0,0,0,-0.6989700043360187
208,L5,O=C(NC1=CC=C([N+]([O-])=O)C=C1)NCC2=CC=CC(CNC(NC3=CC=C([N+]([O-])=O)C=C3)=O)=C2,Cl,1.0,1.0,1.0,DMSO,44,Cl-/NO3-,POPC,ISE,NaCl,489,7.2,270,1.0,1,0.9,19,2015,"Anion complexation, transport and structural studies of a series of bis-methylurea compounds - Dalton Transactions (RSC Publishing) DOI:10.1039/C4DT02893G",O=C(NCc1cccc(CNC(=O)Nc2ccc([N+](=O)[O-])cc2)c1)Nc1ccc([N+](=O)[O-])cc1,0.0,0,0,1,0,0,0,0,0,0,0,0,0.0
207,L4,O=C(NC1=CC(C(F)(F)F)=CC(C(F)(F)F)=C1)NCC2=CC=CC(CNC(NC3=CC(C(F)(F)F)=CC(C(F)(F)F)=C3)=O)=N2,Cl,1.0,1.0,1.0,DMSO,168,Cl-/NO3-,POPC,ISE,NaCl,489,7.2,270,1.3,1.3,1.1,19,2015,"Anion complexation, transport and structural studies of a series of bis-methylurea compounds - Dalton Transactions (RSC Publishing) DOI:10.1039/C4DT02893G",O=C(NCc1cccc(CNC(=O)Nc2cc(C(F)(F)F)cc(C(F)(F)F)c2)n1)Nc1cc(C(F)(F)F)cc(C(F)(F)F)c1,0.1139433523068367,0,0,1,0,0,0,0,0,0,0,0,0.1139433523068367
204,L1,O=C(NC1=CC=C(C(F)(F)F)C=C1)NCC2=CC=CC(CNC(NC3=CC=C(C(F)(F)F)C=C3)=O)=C2,Cl,1.0,1.0,1.0,DMSO,32,Cl-/NO3-,POPC,ISE,NaCl,489,7.2,270,,N,,19,2015,We found that all the compounds except L1 (i.e.L2–L6) were capable of mediating chloride transport under these conditions,O=C(NCc1cccc(CNC(=O)Nc2ccc(C(F)(F)F)cc2)c1)Nc1ccc(C(F)(F)F)cc1,,0,0,1,0,0,0,0,0,0,0,0,N
206,L3,O=C(NC1=CC(C(F)(F)F)=CC(C(F)(F)F)=C1)NCC2=CC=CC(CNC(NC3=CC(C(F)(F)F)=CC(C(F)(F)F)=C3)=O)=C2,Cl,1.0,1.0,1.0,DMSO,35,Cl-/NO3-,POPC,ISE,NaCl,489,7.2,270,2.8,2.8,1.6,19,2015,"Anion complexation, transport and structural studies of a series of bis-methylurea compounds - Dalton Transactions (RSC Publishing) DOI:10.1039/C4DT02893G",O=C(NCc1cccc(CNC(=O)Nc2cc(C(F)(F)F)cc(C(F)(F)F)c2)c1)Nc1cc(C(F)(F)F)cc(C(F)(F)F)c1,0.4471580313422192,0,0,1,0,0,0,0,0,0,0,0,0.4471580313422192
203,3,S=C1C(NC2=CC=C(C(F)(F)F)C=C2)=C(NC3=CC=C(C(F)(F)F)C=C3)C1=O,Cl,1.0,1.0,1.0,DMSO,470,Cl-/NO3-,POPC,ISE,NaCl,489,4.0,270,0.03,0.03,,18,2015,pH switchable anion transport by an oxothiosquaramide - Chemical Communications (RSC Publishing) DOI:10.1039/C5CC03625A,O=c1c(Nc2ccc(C(F)(F)F)cc2)c(Nc2ccc(C(F)(F)F)cc2)c1=S,-1.5228787452803376,1,0,0,1,0,0,0,0,0,0,0,-1.5228787452803376
202,2,S=C1C(NC2=CC=C(C(F)(F)F)C=C2)=C(NC3=CC=C(C(F)(F)F)C=C3)C1=S,Cl,1.0,1.0,1.0,DMSO,60,Cl-/NO3-,POPC,ISE,NaCl,489,4.0,270,0.0125,0.0125,,18,2015,pH switchable anion transport by an oxothiosquaramide - Chemical Communications (RSC Publishing) DOI:10.1039/C5CC03625A,FC(F)(F)c1ccc(Nc2c(Nc3ccc(C(F)(F)F)cc3)c(=S)c2=S)cc1,-1.9030899869919435,1,0,0,1,0,0,0,0,0,0,0,-1.9030899869919435
201,1,O=C1C(NC2=CC=C(C(F)(F)F)C=C2)=C(NC3=CC=C(C(F)(F)F)C=C3)C1=O,Cl,1.0,1.0,1.0,DMSO,458,Cl-/NO3-,POPC,ISE,NaCl,489,4.0,270,0.08,0.08,,18,2015,pH switchable anion transport by an oxothiosquaramide - Chemical Communications (RSC Publishing) DOI:10.1039/C5CC03625A,O=c1c(Nc2ccc(C(F)(F)F)cc2)c(Nc2ccc(C(F)(F)F)cc2)c1=O,-1.0969100130080565,1,0,0,1,0,0,0,0,0,0,0,-1.0969100130080565
200,3,S=C1C(NC2=CC=C(C(F)(F)F)C=C2)=C(NC3=CC=C(C(F)(F)F)C=C3)C1=O,Cl,1.0,1.0,1.0,DMSO,470,Cl-/NO3-,POPC,ISE,NaCl,489,7.2,270,0.22,0.22,,18,2015,pH switchable anion transport by an oxothiosquaramide - Chemical Communications (RSC Publishing) DOI:10.1039/C5CC03625A,O=c1c(Nc2ccc(C(F)(F)F)cc2)c(Nc2ccc(C(F)(F)F)cc2)c1=S,-0.6575773191777937,1,0,0,1,0,0,0,0,0,0,0,-0.6575773191777937
199,2,S=C1C(NC2=CC=C(C(F)(F)F)C=C2)=C(NC3=CC=C(C(F)(F)F)C=C3)C1=S,Cl,1.0,1.0,1.0,DMSO,60,Cl-/NO3-,POPC,ISE,NaCl,489,7.2,270,0.68,0.68,,18,2015,pH switchable anion transport by an oxothiosquaramide - Chemical Communications (RSC Publishing) DOI:10.1039/C5CC03625A,FC(F)(F)c1ccc(Nc2c(Nc3ccc(C(F)(F)F)cc3)c(=S)c2=S)cc1,-0.1674910872937636,1,0,0,1,0,0,0,0,0,0,0,-0.1674910872937636
198,1,O=C1C(NC2=CC=C(C(F)(F)F)C=C2)=C(NC3=CC=C(C(F)(F)F)C=C3)C1=O,Cl,1.0,1.0,1.0,DMSO,458,Cl-/NO3-,POPC,ISE,NaCl,489,7.2,270,0.06,0.06,,18,2015,pH switchable anion transport by an oxothiosquaramide - Chemical Communications (RSC Publishing) DOI:10.1039/C5CC03625A,O=c1c(Nc2ccc(C(F)(F)F)cc2)c(Nc2ccc(C(F)(F)F)cc2)c1=O,-1.2218487496163564,1,0,0,1,0,0,0,0,0,0,0,-1.2218487496163564
212,6c,S=C(NCCCCCCCCN1)NCC2=CN(N=N2)C3=CC=CC(N4C=C(CNC1=S)N=N4)=N3,Cl,1.0,1.0,1.0,DMSO,57.54,Cl-/NO3-,POPC,ISE,NaCl,489,7.2,270,3.0,3,1.1,20,2015,"Anion binding and transport properties of cyclic 2,6-bis(1,2,3-triazol-1-yl)pyridines - Organic & Biomolecular Chemistry (RSC Publishing)",S=C1NCCCCCCCCNC(=S)NCc2cn(nn2)-c2cccc(n2)-n2cc(nn2)CN1,0.4771212547196624,0,1,0,0,0,0,0,0,0,0,0,0.4771212547196624
213,6d,S=C(NCCCCCCCCCN1)NCC2=CN(N=N2)C3=CC=CC(N4C=C(CNC1=S)N=N4)=N3,Cl,1.0,1.0,1.0,DMSO,47.86,Cl-/NO3-,POPC,ISE,NaCl,489,7.2,270,4.4,4.4,0.7,20,2015,"Anion binding and transport properties of cyclic 2,6-bis(1,2,3-triazol-1-yl)pyridines - Organic & Biomolecular Chemistry (RSC Publishing)",S=C1NCCCCCCCCCNC(=S)NCc2cn(nn2)-c2cccc(n2)-n2cc(nn2)CN1,0.6434526764861874,0,1,0,0,0,0,0,0,0,0,0,0.6434526764861874
205,L2,O=C(NC1=CC=C(C(F)(F)F)C=C1)NCC2=CC=CC(CNC(NC3=CC=C(C(F)(F)F)C=C3)=O)=N2,Cl,1.0,1.0,1.0,DMSO,141,Cl-/NO3-,POPC,ISE,NaCl,489,7.2,270,3.6,3.6,1.2,19,2015,"Anion complexation, transport and structural studies of a series of bis-methylurea compounds - Dalton Transactions (RSC Publishing) DOI:10.1039/C4DT02893G",O=C(NCc1cccc(CNC(=O)Nc2ccc(C(F)(F)F)cc2)n1)Nc1ccc(C(F)(F)F)cc1,0.5563025007672873,0,0,1,0,0,0,0,0,0,0,0,0.5563025007672873
215,6f,S=C(NCCCCCCCCCCCCN1)NCC2=CN(N=N2)C3=CC=CC(N4C=C(CNC1=S)N=N4)=N3,Cl,1.0,1.0,1.0,DMSO,30.9,Cl-/NO3-,POPC,ISE,NaCl,489,7.2,270,48.0,48,0.7,20,2015,"Anion binding and transport properties of cyclic 2,6-bis(1,2,3-triazol-1-yl)pyridines - Organic & Biomolecular Chemistry (RSC Publishing)",S=C1NCCCCCCCCCCCCNC(=S)NCc2cn(nn2)-c2cccc(n2)-n2cc(nn2)CN1,1.6812412373755872,0,1,0,0,0,0,0,0,0,0,0,1.6812412373755872
214,6e,S=C(NCCCCCCCCCCN1)NCC2=CN(N=N2)C3=CC=CC(N4C=C(CNC1=S)N=N4)=N3,Cl,1.0,1.0,1.0,DMSO,37.15,Cl-/NO3-,POPC,ISE,NaCl,489,7.2,270,10.0,10,0.7,20,2015,"Anion binding and transport properties of cyclic 2,6-bis(1,2,3-triazol-1-yl)pyridines - Organic & Biomolecular Chemistry (RSC Publishing)",S=C1NCCCCCCCCCCNC(=S)NCc2cn(nn2)-c2cccc(n2)-n2cc(nn2)CN1,1.0,0,1,0,0,0,0,0,0,0,0,0,1.0
177,L3,O=C(NC1=C(NC(NC2=CC=C([N+]([O-])=O)C=C2)=O)C=CC=C1)NC3=CC=CC=C3NC(NC4=CC=C([N+]([O-])=O)C=C4)=O,Cl,1.0,1.0,1.0,DMSO,<10,Cl-/NO3-,POPC,ISE,NaCl,489,7.2,270,0.047,0.047,1.67,15,2016,Tris-ureas as transmembrane anion transporters - Dalton Transactions (RSC Publishing) DOI:10.1039/C6DT02046A,O=C(Nc1ccc([N+](=O)[O-])cc1)Nc1ccccc1NC(=O)Nc1ccccc1NC(=O)Nc1ccc([N+](=O)[O-])cc1,-1.3279021420642825,1,0,1,0,0,0,0,0,0,0,0,-1.3279021420642825
191,Prodigiosin,CC1=C(CCCCC)C=C(N1)/C=C(C(OC)=C2)\N=C2C3=CC=CN3,Cl,1.0,1.0,1.0,,,Cl-/NO3-,POPC,ISE,NaCl,489,7.2,270,0.0002,0.0002,1.0,16,2016,Equilibrium and Kinetics of Rotamer Interconversion in Immunosuppressant Prodigiosin Derivatives in Solution - ScienceDirect,CCCCCc1cc(/C=C2\N=C(c3ccc[nH]3)C=C2OC)[nH]c1C,-3.6989700043360183,1,0,0,0,0,1,0,0,0,0,0,-3.6989700043360183
190,3,CC(C=C(C)N1)=C1/C=N/C2=C(NN=C3)C3=CC=C2,Cl,1.0,1.0,1.0,DMSO,<5,Cl-/NO3-,POPC,ISE,NaCl,489,7.2,270,5.4305,5.4305,2.21,16,2016,Perenosins: a new class of anion transporter with anti-cancer activity - Organic & Biomolecular Chemistry (RSC Publishing) DOI:10.1039/C6OB00002A,Cc1cc(C)c(/C=N/c2cccc3cn[nH]c23)[nH]1,0.7348398180315715,0,0,0,0,0,0,0,0,1,0,0,0.7348398180315715
189,2,CC(C=C(C)N1)=C1/C=N/C2=C(NC=N3)C3=CC=C2,Cl,1.0,1.0,1.0,DMSO,,Cl-/NO3-,POPC,ISE,NaCl,489,7.2,270,6.4084,6.4084,1.93,16,2016,Perenosins: a new class of anion transporter with anti-cancer activity - Organic & Biomolecular Chemistry (RSC Publishing) DOI:10.1039/C6OB00002A,Cc1cc(C)c(/C=N/c2cccc3nc[nH]c23)[nH]1,0.8067496117483228,0,0,0,0,0,0,0,0,1,0,0,0.8067496117483228
188,1e,CC(C=C(C)N1)=C1/C=N/C2=C(NC=C3)C3=CC(OC)=C2,Cl,1.0,1.0,1.0,DMSO,<5,Cl-/NO3-,POPC,ISE,NaCl,489,7.2,270,0.1859,0.1859,1.33,16,2016,Perenosins: a new class of anion transporter with anti-cancer activity - Organic & Biomolecular Chemistry (RSC Publishing) DOI:10.1039/C6OB00002A,COc1cc(/N=C/c2[nH]c(C)cc2C)c2[nH]ccc2c1,-0.7307206102281014,1,0,0,0,1,0,0,0,1,0,0,-0.7307206102281014
187,1d,CC(C=C(C)N1)=C1/C=N/C2=C(NC=C3)C3=CC(CCCCC)=C2,Cl,1.0,1.0,1.0,DMSO,<5,Cl-/NO3-,POPC,ISE,NaCl,489,7.2,270,0.0299,0.0299,1.0,16,2016,Perenosins: a new class of anion transporter with anti-cancer activity - Organic & Biomolecular Chemistry (RSC Publishing) DOI:10.1039/C6OB00002A,CCCCCc1cc(/N=C/c2[nH]c(C)cc2C)c2[nH]ccc2c1,-1.5243288116755704,1,0,0,0,1,0,0,0,1,0,0,-1.5243288116755704
186,1c,CC1=CC(/N=C/C2=C(C)C=C(C)N2)=C(NC=C3)C3=C1,Cl,1.0,1.0,1.0,DMSO,<5,Cl-/NO3-,POPC,ISE,NaCl,489,7.2,270,0.0301,0.0301,1.0,16,2016,Perenosins: a new class of anion transporter with anti-cancer activity - Organic & Biomolecular Chemistry (RSC Publishing) DOI:10.1039/C6OB00002A,Cc1cc(/N=C/c2[nH]c(C)cc2C)c2[nH]ccc2c1,-1.5214335044061569,1,0,0,0,1,0,0,0,1,0,0,-1.5214335044061569
176,L2,O=C(NC1=C(NC(NC2=CC([N+]([O-])=O)=CC=C2)=O)C=CC=C1)NC3=CC=CC=C3NC(NC4=CC=CC([N+]([O-])=O)=C4)=O,Cl,1.0,1.0,1.0,DMSO,<10,Cl-/NO3-,POPC,ISE,NaCl,489,7.2,270,0.095,0.095,1.207,15,2016,Tris-ureas as transmembrane anion transporters - Dalton Transactions (RSC Publishing) DOI:10.1039/C6DT02046A,O=C(Nc1cccc([N+](=O)[O-])c1)Nc1ccccc1NC(=O)Nc1ccccc1NC(=O)Nc1cccc([N+](=O)[O-])c1,-1.0222763947111522,1,0,1,0,0,0,0,0,0,0,0,-1.0222763947111522
185,1b,CC(C=C(C)N1)=C1/C=N/C2=C(NC=C3)C3=CC(C(F)(F)F)=C2,Cl,1.0,1.0,1.0,DMSO,6.98,Cl-/NO3-,POPC,ISE,NaCl,489,7.2,270,1.1922,1.1922,1.52,16,2016,Perenosins: a new class of anion transporter with anti-cancer activity - Organic & Biomolecular Chemistry (RSC Publishing) DOI:10.1039/C6OB00002A,Cc1cc(C)c(/C=N/c2cc(C(F)(F)F)cc3cc[nH]c23)[nH]1,0.0763491174934587,0,0,0,0,1,0,0,0,1,0,0,0.0763491174934587
183,L9,O=C(NC1=C(NC(NC2=CC=C(OC)C=C2)=O)C=CC=C1)NC3=CC=CC=C3NC(NC4=CC=C(OC)C=C4)=O,Cl,1.0,1.0,1.0,DMSO,225,Cl-/NO3-,POPC,ISE,NaCl,489,7.2,270,1.96,1.96,0.88,15,2016,Tris-ureas as transmembrane anion transporters - Dalton Transactions (RSC Publishing) DOI:10.1039/C6DT02046A,COc1ccc(NC(=O)Nc2ccccc2NC(=O)Nc2ccccc2NC(=O)Nc2ccc(OC)cc2)cc1,0.292256071356476,0,0,1,0,0,0,0,0,0,0,0,0.292256071356476
182,L8,O=C(NC1=C(NC(NC2=C(OC)C=CC=C2)=O)C=CC=C1)NC3=CC=CC=C3NC(NC4=CC=CC=C4OC)=O,Cl,1.0,1.0,1.0,DMSO,28,Cl-/NO3-,POPC,ISE,NaCl,489,7.2,270,4.98,4.98,1.29,15,2016,Tris-ureas as transmembrane anion transporters - Dalton Transactions (RSC Publishing) DOI:10.1039/C6DT02046A,COc1ccccc1NC(=O)Nc1ccccc1NC(=O)Nc1ccccc1NC(=O)Nc1ccccc1OC,0.6972293427597176,0,0,1,0,0,0,0,0,0,0,0,0.6972293427597176
181,L7,O=C(NC1=C(NC(NC2=CC=C(C)C=C2)=O)C=CC=C1)NC3=CC=CC=C3NC(NC4=CC=C(C)C=C4)=O,Cl,1.0,1.0,1.0,DMSO,226,Cl-/NO3-,POPC,ISE,NaCl,489,7.2,270,0.6,0.6,0.96,15,2016,Tris-ureas as transmembrane anion transporters - Dalton Transactions (RSC Publishing) DOI:10.1039/C6DT02046A,Cc1ccc(NC(=O)Nc2ccccc2NC(=O)Nc2ccccc2NC(=O)Nc2ccc(C)cc2)cc1,-0.2218487496163564,1,0,1,0,0,0,0,0,0,0,0,-0.2218487496163564
180,L6,O=C(NC1=C(NC(NC2=CC=C(F)C=C2)=O)C=CC=C1)NC3=CC=CC=C3NC(NC4=CC=C(F)C=C4)=O,Cl,1.0,1.0,1.0,DMSO,205,Cl-/NO3-,POPC,ISE,NaCl,489,7.2,270,0.1,0.1,1.39,15,2016,Tris-ureas as transmembrane anion transporters - Dalton Transactions (RSC Publishing) DOI:10.1039/C6DT02046A,O=C(Nc1ccc(F)cc1)Nc1ccccc1NC(=O)Nc1ccccc1NC(=O)Nc1ccc(F)cc1,-1.0,1,0,1,0,0,0,0,0,0,0,0,-1.0
179,L5,O=C(NC1=C(NC(NC2=CC(C(F)(F)F)=CC(C(F)(F)F)=C2)=O)C=CC=C1)NC3=CC=CC=C3NC(NC4=CC(C(F)(F)F)=CC(C(F)(F)F)=C4)=O,Cl,1.0,1.0,1.0,DMSO,<10,Cl-/NO3-,POPC,ISE,NaCl,489,7.2,270,0.066,0.066,0.88,15,2016,Tris-ureas as transmembrane anion transporters - Dalton Transactions (RSC Publishing) DOI:10.1039/C6DT02046A,O=C(Nc1cc(C(F)(F)F)cc(C(F)(F)F)c1)Nc1ccccc1NC(=O)Nc1ccccc1NC(=O)Nc1cc(C(F)(F)F)cc(C(F)(F)F)c1,-1.1804560644581312,1,0,1,0,0,0,0,0,0,0,0,-1.1804560644581312
178,L4,O=C(NC1=C(NC(NC2=CC=C(C(F)(F)F)C=C2)=O)C=CC=C1)NC3=CC=CC=C3NC(NC4=CC=C(C(F)(F)F)C=C4)=O,Cl,1.0,1.0,1.0,DMSO,262,Cl-/NO3-,POPC,ISE,NaCl,489,7.2,270,0.039,0.039,1.07,15,2016,Tris-ureas as transmembrane anion transporters - Dalton Transactions (RSC Publishing) DOI:10.1039/C6DT02046A,O=C(Nc1ccc(C(F)(F)F)cc1)Nc1ccccc1NC(=O)Nc1ccccc1NC(=O)Nc1ccc(C(F)(F)F)cc1,-1.408935392973501,1,0,1,0,0,0,0,0,0,0,0,-1.408935392973501
192,1,O=C1N(CCCCC)C(C2=C3C1=CC=CC3=C(NC(NCCCCC)=O)C=C2)=O,Cl,1.0,1.0,1.0,DMSO,31,Cl-/NO3-,POPC,ISE,NaCl,489,7.2,270,,N,,17,2016,Hill analysis not performed due to low transport activity and/or compound solubility,CCCCCNC(=O)Nc1ccc2c3c(cccc13)C(=O)N(CCCCC)C2=O,,0,0,1,0,0,0,0,0,0,0,0,N
184,1a,CC(C=C(C)N1)=C1/C=N/C2=C(NC=C3)C3=CC=C2,Cl,1.0,1.0,1.0,DMSO,<5,Cl-/NO3-,POPC,ISE,NaCl,489,7.2,270,0.0773,0.0773,1.11,16,2016,Perenosins: a new class of anion transporter with anti-cancer activity - Organic & Biomolecular Chemistry (RSC Publishing) DOI:10.1039/C6OB00002A,Cc1cc(C)c(/C=N/c2cccc3cc[nH]c23)[nH]1,-1.111820506081675,1,0,0,0,1,0,0,0,1,0,0,-1.111820506081675
193,2,O=C1N(CCCCC)C(C2=C3C1=CC=CC3=C(NC(NCCCCC)=S)C=C2)=O,Cl,1.0,1.0,1.0,DMSO,41,Cl-/NO3-,POPC,ISE,NaCl,489,7.2,270,0.42,0.42,0.9,17,2016,Fluorescent transmembrane anion transporters: shedding light on anionophoric activity in cells - Chemical Science (RSC Publishing) DOI:10.1039/C6SC01643J,CCCCCNC(=S)Nc1ccc2c3c(cccc13)C(=O)N(CCCCC)C2=O,-0.3767507096020995,1,1,0,0,0,0,0,0,0,0,0,-0.3767507096020995
195,4,O=C1N(CCCCC)C(C2=C3C1=CC=CC3=C(NC(NC4=CC=C(C(F)(F)F)C=C4)=S)C=C2)=O,Cl,1.0,1.0,1.0,DMSO,49,Cl-/NO3-,POPC,ISE,NaCl,489,7.2,270,0.45,0.45,1.72,17,2016,Fluorescent transmembrane anion transporters: shedding light on anionophoric activity in cells - Chemical Science (RSC Publishing) DOI:10.1039/C6SC01643J,CCCCCN1C(=O)c2cccc3c(NC(=S)Nc4ccc(C(F)(F)F)cc4)ccc(c23)C1=O,-0.3467874862246563,1,1,0,0,0,0,0,0,0,0,0,-0.3467874862246563
51,30,COC1=CC(C2=CC=CN2)=[NH+]/C1=C\NCCCCCCCCCCCC,Cl,1.0,1.0,1.0,,,Cl-/NO3-,POPC,ISE,NaCl,489,7.2,300,0.00731,0.00731,1.15,2,2016,QSAR analysis of substituent effects on tambjamine anion transporters - Chemical Science (RSC Publishing),CCCCCCCCCCCCN/C=C1\[NH+]=C(c2ccc[nH]2)C=C1OC,-2.13608262304214,1,0,0,0,0,1,0,0,0,0,0,-2.13608262304214
52,31,CC(C)CN/C=C1C(OC)=CC(C2=CC=CN2)=[NH+]/1,Cl,1.0,1.0,1.0,,,Cl-/NO3-,POPC,ISE,NaCl,489,7.2,300,0.0113,0.0113,1.2,2,2016,QSAR analysis of substituent effects on tambjamine anion transporters - Chemical Science (RSC Publishing),COC1=CC(c2ccc[nH]2)=[NH+]/C1=C\NCC(C)C,-1.9469215565165805,1,0,0,0,0,1,0,0,0,0,0,-1.9469215565165805
53,32,CC(C)CCN/C=C1C(OC)=CC(C2=CC=CN2)=[NH+]/1,Cl,1.0,1.0,1.0,,,Cl-/NO3-,POPC,ISE,NaCl,489,7.2,300,0.00668,0.00668,1.05,2,2016,QSAR analysis of substituent effects on tambjamine anion transporters - Chemical Science (RSC Publishing),COC1=CC(c2ccc[nH]2)=[NH+]/C1=C\NCCC(C)C,-2.175223537524454,1,0,0,0,0,1,0,0,0,0,0,-2.175223537524454
54,33,COCCCN/C=C1C(OC)=CC(C2=CC=CN2)=[NH+]/1,Cl,1.0,1.0,1.0,,,Cl-/NO3-,POPC,ISE,NaCl,489,7.2,300,0.0977,0.0977,0.963,2,2016,QSAR analysis of substituent effects on tambjamine anion transporters - Chemical Science (RSC Publishing),COCCCN/C=C1\[NH+]=C(c2ccc[nH]2)C=C1OC,-1.010105436281227,1,0,0,0,0,1,0,0,0,0,0,-1.010105436281227
55,34,C1(C(C=C/2OCC3=CC=CC=C3)=[NH+]C2=C/NC4=CC=CC=C4)=CC=CN1,Cl,1.0,1.0,1.0,,,Cl-/NO3-,POPC,ISE,NaCl,489,7.2,300,0.0157,0.0157,1.32,2,2016,QSAR analysis of substituent effects on tambjamine anion transporters - Chemical Science (RSC Publishing),C1=C(OCc2ccccc2)/C(=C/Nc2ccccc2)[NH+]=C1c1ccc[nH]1,-1.8041003475907664,1,0,0,0,0,1,0,0,0,0,0,-1.8041003475907664
50,29,COC1=CC(C2=CC=CN2)=[NH+]/C1=C\NCCCCCCCCCC,Cl,1.0,1.0,1.0,,,Cl-/NO3-,POPC,ISE,NaCl,489,7.2,300,0.0053,0.0053,1.33,2,2016,QSAR analysis of substituent effects on tambjamine anion transporters - Chemical Science (RSC Publishing),CCCCCCCCCCN/C=C1\[NH+]=C(c2ccc[nH]2)C=C1OC,-2.275724130399211,1,0,0,0,0,1,0,0,0,0,0,-2.275724130399211
175,L1,O=C(NC1=C(NC(NC2=C([N+]([O-])=O)C=CC=C2)=O)C=CC=C1)NC3=CC=CC=C3NC(NC4=CC=CC=C4[N+]([O-])=O)=O,Cl,1.0,1.0,1.0,DMSO,<10,Cl-/NO3-,POPC,ISE,NaCl,489,7.2,270,,N,,15,2016,all the compounds except L1 (i.e.L2–L9) (at 2 mol% with respect to lipid) were capable of mediating chloride transport.,O=C(Nc1ccccc1NC(=O)Nc1ccccc1[N+](=O)[O-])Nc1ccccc1NC(=O)Nc1ccccc1[N+](=O)[O-],,0,0,1,0,0,0,0,0,0,0,0,N
194,3,O=C1N(CCCCC)C(C2=C3C1=CC=CC3=C(NC(NC4=CC=C(C(F)(F)F)C=C4)=O)C=C2)=O,Cl,1.0,1.0,1.0,DMSO,187,Cl-/NO3-,POPC,ISE,NaCl,489,7.2,270,,N,,17,2016,Hill analysis not performed due to low transport activity and/or compound solubility,CCCCCN1C(=O)c2cccc3c(NC(=O)Nc4ccc(C(F)(F)F)cc4)ccc(c23)C1=O,,0,0,1,0,0,0,0,0,0,0,0,N
56,35,CC(C(C=C1)=CC=C1N/C=C2C(OCC3=CC=CC=C3)=CC(C4=CC=CN4)=[NH+]/2)(C)C,Cl,1.0,1.0,1.0,,,Cl-/NO3-,POPC,ISE,NaCl,489,7.2,300,0.0116,0.0116,1.2,2,2016,QSAR analysis of substituent effects on tambjamine anion transporters - Chemical Science (RSC Publishing),CC(C)(C)c1ccc(N/C=C2\[NH+]=C(c3ccc[nH]3)C=C2OCc2ccccc2)cc1,-1.9355420107730816,1,0,0,0,0,1,0,0,0,0,0,-1.9355420107730816
63,42,CCCCCCCCCCN/C=C1C(OCC2=CC=CC=C2)=CC(C3=CC=CN3)=[NH+]/1,Cl,1.0,1.0,1.0,,,Cl-/NO3-,POPC,ISE,NaCl,489,7.2,300,0.0204,0.0204,0.929,2,2016,QSAR analysis of substituent effects on tambjamine anion transporters - Chemical Science (RSC Publishing),CCCCCCCCCCN/C=C1\[NH+]=C(c2ccc[nH]2)C=C1OCc1ccccc1,-1.6903698325741012,1,0,0,0,0,1,0,0,0,0,0,-1.6903698325741012
62,41,CCCCCCCCCN/C=C1C(OCC2=CC=CC=C2)=CC(C3=CC=CN3)=[NH+]/1,Cl,1.0,1.0,1.0,,,Cl-/NO3-,POPC,ISE,NaCl,489,7.2,300,0.00517,0.00517,1.15,2,2016,QSAR analysis of substituent effects on tambjamine anion transporters - Chemical Science (RSC Publishing),CCCCCCCCCN/C=C1\[NH+]=C(c2ccc[nH]2)C=C1OCc1ccccc1,-2.2865094569060576,1,0,0,0,0,1,0,0,0,0,0,-2.2865094569060576
61,40,CCCCCN/C=C1C(OCC2=CC=CC=C2)=CC(C3=CC=CN3)=[NH+]/1,Cl,1.0,1.0,1.0,,,Cl-/NO3-,POPC,ISE,NaCl,489,7.2,300,0.00968,0.00968,1.74,2,2016,QSAR analysis of substituent effects on tambjamine anion transporters - Chemical Science (RSC Publishing),CCCCCN/C=C1\[NH+]=C(c2ccc[nH]2)C=C1OCc1ccccc1,-2.0141246426916064,1,0,0,0,0,1,0,0,0,0,0,-2.0141246426916064
60,39,CCCN/C=C1C(OCC2=CC=CC=C2)=CC(C3=CC=CN3)=[NH+]/1,Cl,1.0,1.0,1.0,,,Cl-/NO3-,POPC,ISE,NaCl,489,7.2,300,0.0196,0.0196,1.14,2,2016,QSAR analysis of substituent effects on tambjamine anion transporters - Chemical Science (RSC Publishing),CCCN/C=C1\[NH+]=C(c2ccc[nH]2)C=C1OCc1ccccc1,-1.707743928643524,1,0,0,0,0,1,0,0,0,0,0,-1.707743928643524
59,38,C1(C(C=C/2OCC3=CC=CC=C3)=[NH+]C2=C/NC4=CC=CC=N4)=CC=CN1,Cl,1.0,1.0,1.0,,,Cl-/NO3-,POPC,ISE,NaCl,489,7.2,300,0.00878,0.00878,1.43,2,2016,QSAR analysis of substituent effects on tambjamine anion transporters - Chemical Science (RSC Publishing),C1=C(OCc2ccccc2)/C(=C/Nc2ccccn2)[NH+]=C1c1ccc[nH]1,-2.056505484093897,1,0,0,0,0,1,0,0,0,0,0,-2.056505484093897
197,6,O=C1N(CCCCC)C(C2=C3C1=CC=CC3=C(NC(NC4=CC(C(F)(F)F)=CC(C(F)(F)F)=C4)=S)C=C2)=O,Cl,1.0,1.0,1.0,DMSO,53,Cl-/NO3-,POPC,ISE,NaCl,489,7.2,270,1.35,1.35,1.13,17,2016,Fluorescent transmembrane anion transporters: shedding light on anionophoric activity in cells - Chemical Science (RSC Publishing) DOI:10.1039/C6SC01643J,CCCCCN1C(=O)c2cccc3c(NC(=S)Nc4cc(C(F)(F)F)cc(C(F)(F)F)c4)ccc(c23)C1=O,0.1303337684950061,0,1,0,0,0,0,0,0,0,0,0,0.1303337684950061
196,5,O=C1N(CCCCC)C(C2=C3C1=CC=CC3=C(NC(NC4=CC(C(F)(F)F)=CC(C(F)(F)F)=C4)=O)C=C2)=O,Cl,1.0,1.0,1.0,DMSO,175,Cl-/NO3-,POPC,ISE,NaCl,489,7.2,270,,N,,17,2016,Hill analysis not performed due to low transport activity and/or compound solubility,CCCCCN1C(=O)c2cccc3c(NC(=O)Nc4cc(C(F)(F)F)cc(C(F)(F)F)c4)ccc(c23)C1=O,,0,0,1,0,0,0,0,0,0,0,0,N
64,43,CCCCCCCCCCCCN/C=C1C(OCC2=CC=CC=C2)=CC(C3=CC=CN3)=[NH+]/1,Cl,1.0,1.0,1.0,,,Cl-/NO3-,POPC,ISE,NaCl,489,7.2,300,0.0616,0.0616,,2,2016,QSAR analysis of substituent effects on tambjamine anion transporters - Chemical Science (RSC Publishing),CCCCCCCCCCCCN/C=C1\[NH+]=C(c2ccc[nH]2)C=C1OCc1ccccc1,-1.2104192878355746,1,0,0,0,0,1,0,0,0,0,0,-1.2104192878355746
58,37,COC(C=C1)=CC=C1N/C=C2C(OCC3=CC=CC=C3)=CC(C4=CC=CN4)=[NH+]/2,Cl,1.0,1.0,1.0,,,Cl-/NO3-,POPC,ISE,NaCl,489,7.2,300,0.0133,0.0133,1.45,2,2016,QSAR analysis of substituent effects on tambjamine anion transporters - Chemical Science (RSC Publishing),COc1ccc(N/C=C2\[NH+]=C(c3ccc[nH]3)C=C2OCc2ccccc2)cc1,-1.8761483590329144,1,0,0,0,0,1,0,0,0,0,0,-1.8761483590329144
57,36,CCCCCC(C=C1)=CC=C1N/C=C2C(OCC3=CC=CC=C3)=CC(C4=CC=CN4)=[NH+]/2,Cl,1.0,1.0,1.0,,,Cl-/NO3-,POPC,ISE,NaCl,489,7.2,300,0.0123,0.0123,0.857,2,2016,QSAR analysis of substituent effects on tambjamine anion transporters - Chemical Science (RSC Publishing),CCCCCc1ccc(N/C=C2\[NH+]=C(c3ccc[nH]3)C=C2OCc2ccccc2)cc1,-1.9100948885606024,1,0,0,0,0,1,0,0,0,0,0,-1.9100948885606024
38,17,COC1=CC(C2=CC=CN2)=[NH+]/C1=C\NC3=CC=C(C#N)C=C3,Cl,1.0,1.0,1.0,,,Cl-/NO3-,POPC,ISE,NaCl,489,7.2,300,0.0167,0.0167,1.48,2,2016,QSAR analysis of substituent effects on tambjamine anion transporters - Chemical Science (RSC Publishing),COC1=CC(c2ccc[nH]2)=[NH+]/C1=C\Nc1ccc(C#N)cc1,-1.7772835288524167,1,0,0,0,0,1,0,0,0,0,0,-1.7772835288524167
30,9,COC1=CC(C2=CC=CN2)=[NH+]/C1=C\NC3=CC=C(OC)C=C3,Cl,1.0,1.0,1.0,,,Cl-/NO3-,POPC,ISE,NaCl,489,7.2,300,0.0197,0.0197,1.29,2,2016,QSAR analysis of substituent effects on tambjamine anion transporters - Chemical Science (RSC Publishing),COC1=CC(c2ccc[nH]2)=[NH+]/C1=C\Nc1ccc(OC)cc1,-1.705533773838407,1,0,0,0,0,1,0,0,0,0,0,-1.705533773838407
31,10,COC1=CC(C2=CC=CN2)=[NH+]/C1=C\NC3=CC=C(OCC)C=C3,Cl,1.0,1.0,1.0,,,Cl-/NO3-,POPC,ISE,NaCl,489,7.2,300,0.0134,0.0134,1.28,2,2016,QSAR analysis of substituent effects on tambjamine anion transporters - Chemical Science (RSC Publishing),CCOc1ccc(N/C=C2\[NH+]=C(c3ccc[nH]3)C=C2OC)cc1,-1.8728952016351923,1,0,0,0,0,1,0,0,0,0,0,-1.8728952016351923
32,11,COC1=CC(C2=CC=CN2)=[NH+]/C1=C\NC3=CC=C(OC(F)(F)F)C=C3,Cl,1.0,1.0,1.0,,,Cl-/NO3-,POPC,ISE,NaCl,489,7.2,300,0.0231,0.0231,1.31,2,2016,QSAR analysis of substituent effects on tambjamine anion transporters - Chemical Science (RSC Publishing),COC1=CC(c2ccc[nH]2)=[NH+]/C1=C\Nc1ccc(OC(F)(F)F)cc1,-1.6363880201078558,1,0,0,0,0,1,0,0,0,0,0,-1.6363880201078558
33,12,COC1=CC(C2=CC=CN2)=[NH+]/C1=C\NC3=CC=C(SC)C=C3,Cl,1.0,1.0,1.0,,,Cl-/NO3-,POPC,ISE,NaCl,489,7.2,300,0.026,0.026,1.29,2,2016,QSAR analysis of substituent effects on tambjamine anion transporters - Chemical Science (RSC Publishing),COC1=CC(c2ccc[nH]2)=[NH+]/C1=C\Nc1ccc(SC)cc1,-1.585026652029182,1,0,0,0,0,1,0,0,0,0,0,-1.585026652029182
34,13,FC(C=C1)=CC=C1N/C=C2C(OC)=CC(C3=CC=CN3)=[NH+]/2,Cl,1.0,1.0,1.0,,,Cl-/NO3-,POPC,ISE,NaCl,489,7.2,300,0.0208,0.0208,1.18,2,2016,QSAR analysis of substituent effects on tambjamine anion transporters - Chemical Science (RSC Publishing),COC1=CC(c2ccc[nH]2)=[NH+]/C1=C\Nc1ccc(F)cc1,-1.6819366650372385,1,0,0,0,0,1,0,0,0,0,0,-1.6819366650372385
35,14,ClC(C=C1)=CC=C1N/C=C2C(OC)=CC(C3=CC=CN3)=[NH+]/2,Cl,1.0,1.0,1.0,,,Cl-/NO3-,POPC,ISE,NaCl,489,7.2,300,0.0155,0.0155,1.27,2,2016,QSAR analysis of substituent effects on tambjamine anion transporters - Chemical Science (RSC Publishing),COC1=CC(c2ccc[nH]2)=[NH+]/C1=C\Nc1ccc(Cl)cc1,-1.8096683018297088,1,0,0,0,0,1,0,0,0,0,0,-1.8096683018297088
27,6,COC1=CC(C2=CC=CN2)=[NH+]/C1=C\NC3=CC=C(CCCCC)C=C3,Cl,1.0,1.0,1.0,,,Cl-/NO3-,POPC,ISE,NaCl,489,7.2,300,0.00951,0.00951,1.25,2,2016,QSAR analysis of substituent effects on tambjamine anion transporters - Chemical Science (RSC Publishing),CCCCCc1ccc(N/C=C2\[NH+]=C(c3ccc[nH]3)C=C2OC)cc1,-2.021819483062586,1,0,0,0,0,1,0,0,0,0,0,-2.021819483062586
37,16,IC(C=C1)=CC=C1N/C=C2C(OC)=CC(C3=CC=CN3)=[NH+]/2,Cl,1.0,1.0,1.0,,,Cl-/NO3-,POPC,ISE,NaCl,489,7.2,300,0.0221,0.0221,1.29,2,2016,QSAR analysis of substituent effects on tambjamine anion transporters - Chemical Science (RSC Publishing),COC1=CC(c2ccc[nH]2)=[NH+]/C1=C\Nc1ccc(I)cc1,-1.6556077263148892,1,0,0,0,0,1,0,0,0,0,0,-1.6556077263148892
36,15,BrC(C=C1)=CC=C1N/C=C2C(OC)=CC(C3=CC=CN3)=[NH+]/2,Cl,1.0,1.0,1.0,,,Cl-/NO3-,POPC,ISE,NaCl,489,7.2,300,0.0236,0.0236,1.37,2,2016,QSAR analysis of substituent effects on tambjamine anion transporters - Chemical Science (RSC Publishing),COC1=CC(c2ccc[nH]2)=[NH+]/C1=C\Nc1ccc(Br)cc1,-1.6270879970298937,1,0,0,0,0,1,0,0,0,0,0,-1.6270879970298937
39,18,COC1=CC(C2=CC=CN2)=[NH+]/C1=C\NC3=CC=C(S(=O)(C)=O)C=C3,Cl,1.0,1.0,1.0,,,Cl-/NO3-,POPC,ISE,NaCl,489,7.2,300,0.0494,0.0494,1.59,2,2016,QSAR analysis of substituent effects on tambjamine anion transporters - Chemical Science (RSC Publishing),COC1=CC(c2ccc[nH]2)=[NH+]/C1=C\Nc1ccc(S(C)(=O)=O)cc1,-1.3062730510763532,1,0,0,0,0,1,0,0,0,0,0,-1.3062730510763532
40,19,COC1=CC(C2=CC=CN2)=[NH+]/C1=C\NCC3=CC=CC=N3,Cl,1.0,1.0,1.0,,,Cl-/NO3-,POPC,ISE,NaCl,489,7.2,300,0.197,0.197,0.853,2,2016,QSAR analysis of substituent effects on tambjamine anion transporters - Chemical Science (RSC Publishing),COC1=CC(c2ccc[nH]2)=[NH+]/C1=C\NCc1ccccn1,-0.7055337738384071,1,0,0,0,0,1,0,0,0,0,0,-0.7055337738384071
41,20,CN/C=C1C(OC)=CC(C2=CC=CN2)=[NH+]/1,Cl,1.0,1.0,1.0,,,Cl-/NO3-,POPC,ISE,NaCl,489,7.2,300,0.346,0.346,1.3,2,2016,QSAR analysis of substituent effects on tambjamine anion transporters - Chemical Science (RSC Publishing),CN/C=C1\[NH+]=C(c2ccc[nH]2)C=C1OC,-0.4609239012072234,1,0,0,0,0,1,0,0,0,0,0,-0.4609239012072234
42,21,COC1=CC(C2=CC=CN2)=[NH+]/C1=C\NCC,Cl,1.0,1.0,1.0,,,Cl-/NO3-,POPC,ISE,NaCl,489,7.2,300,0.0921,0.0921,1.08,2,2016,QSAR analysis of substituent effects on tambjamine anion transporters - Chemical Science (RSC Publishing),CCN/C=C1\[NH+]=C(c2ccc[nH]2)C=C1OC,-1.035740369803151,1,0,0,0,0,1,0,0,0,0,0,-1.035740369803151
43,22,COC1=CC(C2=CC=CN2)=[NH+]/C1=C\NCCC,Cl,1.0,1.0,1.0,,,Cl-/NO3-,POPC,ISE,NaCl,489,7.2,300,0.0274,0.0274,1.03,2,2016,QSAR analysis of substituent effects on tambjamine anion transporters - Chemical Science (RSC Publishing),CCCN/C=C1\[NH+]=C(c2ccc[nH]2)C=C1OC,-1.562249437179612,1,0,0,0,0,1,0,0,0,0,0,-1.562249437179612
44,23,COC1=CC(C2=CC=CN2)=[NH+]/C1=C\NCCCC,Cl,1.0,1.0,1.0,,,Cl-/NO3-,POPC,ISE,NaCl,489,7.2,300,0.0116,0.0116,0.86,2,2016,QSAR analysis of substituent effects on tambjamine anion transporters - Chemical Science (RSC Publishing),CCCCN/C=C1\[NH+]=C(c2ccc[nH]2)C=C1OC,-1.9355420107730816,1,0,0,0,0,1,0,0,0,0,0,-1.9355420107730816
45,24,COC1=CC(C2=CC=CN2)=[NH+]/C1=C\NCCCCC,Cl,1.0,1.0,1.0,,,Cl-/NO3-,POPC,ISE,NaCl,489,7.2,300,0.00648,0.00648,1.18,2,2016,QSAR analysis of substituent effects on tambjamine anion transporters - Chemical Science (RSC Publishing),CCCCCN/C=C1\[NH+]=C(c2ccc[nH]2)C=C1OC,-2.1884249941294067,1,0,0,0,0,1,0,0,0,0,0,-2.1884249941294067
46,25,COC1=CC(C2=CC=CN2)=[NH+]/C1=C\NCCCCCC,Cl,1.0,1.0,1.0,,,Cl-/NO3-,POPC,ISE,NaCl,489,7.2,300,0.005,0.005,1.19,2,2016,QSAR analysis of substituent effects on tambjamine anion transporters - Chemical Science (RSC Publishing),CCCCCCN/C=C1\[NH+]=C(c2ccc[nH]2)C=C1OC,-2.3010299956639813,1,0,0,0,0,1,0,0,0,0,0,-2.3010299956639813
47,26,COC1=CC(C2=CC=CN2)=[NH+]/C1=C\NCCCCCCC,Cl,1.0,1.0,1.0,,,Cl-/NO3-,POPC,ISE,NaCl,489,7.2,300,0.00451,0.00451,1.51,2,2016,QSAR analysis of substituent effects on tambjamine anion transporters - Chemical Science (RSC Publishing),CCCCCCCN/C=C1\[NH+]=C(c2ccc[nH]2)C=C1OC,-2.34582345812204,1,0,0,0,0,1,0,0,0,0,0,-2.34582345812204
48,27,COC1=CC(C2=CC=CN2)=[NH+]/C1=C\NCCCCCCCC,Cl,1.0,1.0,1.0,,,Cl-/NO3-,POPC,ISE,NaCl,489,7.2,300,0.00312,0.00312,1.07,2,2016,QSAR analysis of substituent effects on tambjamine anion transporters - Chemical Science (RSC Publishing),CCCCCCCCN/C=C1\[NH+]=C(c2ccc[nH]2)C=C1OC,-2.505845405981557,1,0,0,0,0,1,0,0,0,0,0,-2.505845405981557
49,28,COC1=CC(C2=CC=CN2)=[NH+]/C1=C\NCCCCCCCCC,Cl,1.0,1.0,1.0,,,Cl-/NO3-,POPC,ISE,NaCl,489,7.2,300,0.0038,0.0038,1.1,2,2016,QSAR analysis of substituent effects on tambjamine anion transporters - Chemical Science (RSC Publishing),CCCCCCCCCN/C=C1\[NH+]=C(c2ccc[nH]2)C=C1OC,-2.42021640338319,1,0,0,0,0,1,0,0,0,0,0,-2.42021640338319
26,5,COC1=CC(C2=CC=CN2)=[NH+]/C1=C\NC3=CC=C(C(C)(C)C)C=C3,Cl,1.0,1.0,1.0,,,Cl-/NO3-,POPC,ISE,NaCl,489,7.2,300,0.0104,0.0104,1.29,2,2016,QSAR analysis of substituent effects on tambjamine anion transporters - Chemical Science (RSC Publishing),COC1=CC(c2ccc[nH]2)=[NH+]/C1=C\Nc1ccc(C(C)(C)C)cc1,-1.98296666070122,1,0,0,0,0,1,0,0,0,0,0,-1.98296666070122
25,4,COC1=CC(C2=CC=CN2)=[NH+]/C1=C\NC3=CC=C(CCCC)C=C3,Cl,1.0,1.0,1.0,,,Cl-/NO3-,POPC,ISE,NaCl,489,7.2,300,0.00779,0.00779,1.32,2,2016,QSAR analysis of substituent effects on tambjamine anion transporters - Chemical Science (RSC Publishing),CCCCc1ccc(N/C=C2\[NH+]=C(c3ccc[nH]3)C=C2OC)cc1,-2.108462542327436,1,0,0,0,0,1,0,0,0,0,0,-2.108462542327436
24,3,COC1=CC(C2=CC=CN2)=[NH+]/C1=C\NC3=CC=C(CCC)C=C3,Cl,1.0,1.0,1.0,,,Cl-/NO3-,POPC,ISE,NaCl,489,7.2,300,0.00699,0.00699,1.25,2,2016,QSAR analysis of substituent effects on tambjamine anion transporters - Chemical Science (RSC Publishing),CCCc1ccc(N/C=C2\[NH+]=C(c3ccc[nH]3)C=C2OC)cc1,-2.1555228242543185,1,0,0,0,0,1,0,0,0,0,0,-2.1555228242543185
23,2,COC1=CC(C2=CC=CN2)=[NH+]/C1=C\NC3=CC=C(CC)C=C3,Cl,1.0,1.0,1.0,,,Cl-/NO3-,POPC,ISE,NaCl,489,7.2,300,0.00613,0.00613,1.23,2,2016,QSAR analysis of substituent effects on tambjamine anion transporters - Chemical Science (RSC Publishing),CCc1ccc(N/C=C2\[NH+]=C(c3ccc[nH]3)C=C2OC)cc1,-2.212539525481585,1,0,0,0,0,1,0,0,0,0,0,-2.212539525481585
22,1,COC1=CC(C2=CC=CN2)=[NH+]/C1=C\NC3=CC=C(C)C=C3,Cl,1.0,1.0,1.0,,,Cl-/NO3-,POPC,ISE,NaCl,489,7.2,300,0.00719,0.00719,1.19,2,2016,QSAR analysis of substituent effects on tambjamine anion transporters - Chemical Science (RSC Publishing),COC1=CC(c2ccc[nH]2)=[NH+]/C1=C\Nc1ccc(C)cc1,-2.143271109617117,1,0,0,0,0,1,0,0,0,0,0,-2.143271109617117
28,7,COC1=CC(C2=CC=CN2)=[NH+]/C1=C\NC3=CC=C(CCCCCCCCCC)C=C3,Cl,1.0,1.0,1.0,,,Cl-/NO3-,POPC,ISE,NaCl,489,7.2,300,0.288,0.288,0.965,2,2016,QSAR analysis of substituent effects on tambjamine anion transporters - Chemical Science (RSC Publishing),CCCCCCCCCCc1ccc(N/C=C2\[NH+]=C(c3ccc[nH]3)C=C2OC)cc1,-0.5406075122407692,1,0,0,0,0,1,0,0,0,0,0,-0.5406075122407692
29,8,OC(C=C1)=CC=C1N/C=C2C(OC)=CC(C3=CC=CN3)=[NH+]/2,Cl,1.0,1.0,1.0,,,Cl-/NO3-,POPC,ISE,NaCl,489,7.2,300,0.0688,0.0688,1.42,2,2016,QSAR analysis of substituent effects on tambjamine anion transporters - Chemical Science (RSC Publishing),COC1=CC(c2ccc[nH]2)=[NH+]/C1=C\Nc1ccc(O)cc1,-1.1624115617644888,1,0,0,0,0,1,0,0,0,0,0,-1.1624115617644888
171,5,CC1=CC(C=CN2)=C2C(/N=C/C3=C(C)C(CCCCC)=C(C)N3)=C1,Cl,1.0,1.0,1.0,DMSO,2610,Cl-/NO3-,POPC,ISE,NaCl,489,7.2,270,0.0227,0.0227,1.3,14,2017,Indole-based perenosins as highly potent HCl transporters and potential anti-cancer agents | Scientific Reports (nature.com),CCCCCc1c(C)[nH]c(/C=N/c2cc(C)cc3cc[nH]c23)c1C,-1.6439741428068773,1,0,0,0,1,0,0,0,1,0,0,-1.6439741428068773
291,2,O=C(NC1=CC(C(F)(F)F)=CC(C(F)(F)F)=C1)NC2=CC(C(F)(F)F)=CC(C(F)(F)F)=C2,Cl,,,,,,Cl-/NO3-,POPC,ISE,NaCl,490,7.2,270,0.3,0.3,,32,2017,Dissecting the chloride–nitrate anion transport assay - Chemical Communications (RSC Publishing),O=C(Nc1cc(C(F)(F)F)cc(C(F)(F)F)c1)Nc1cc(C(F)(F)F)cc(C(F)(F)F)c1,-0.5228787452803376,1,0,1,0,0,0,0,0,0,0,0,-0.5228787452803376
292,3,S=C(NC1=CC(C(F)(F)F)=CC(C(F)(F)F)=C1)NC2=CC(C(F)(F)F)=CC(C(F)(F)F)=C2,Cl,,,,,,Cl-/NO3-,POPC,ISE,NaCl,490,7.2,270,0.16,0.16,,32,2017,Dissecting the chloride–nitrate anion transport assay - Chemical Communications (RSC Publishing),FC(F)(F)c1cc(NC(=S)Nc2cc(C(F)(F)F)cc(C(F)(F)F)c2)cc(C(F)(F)F)c1,-0.7958800173440752,1,1,0,0,0,0,0,0,0,0,0,-0.7958800173440752
293,4,S=C(NC1=CC=CC=C1)NCCN(C(C2=CC=CC=C2)=O)CCNC(NC3=CC=CC=C3)=S,Cl,,,,,,Cl-/NO3-,POPC,ISE,NaCl,490,7.2,270,,N,,32,2017,Dissecting the chloride–nitrate anion transport assay - Chemical Communications (RSC Publishing),O=C(c1ccccc1)N(CCNC(=S)Nc1ccccc1)CCNC(=S)Nc1ccccc1,,0,1,0,0,0,0,0,0,0,0,0,N
294,5,S=C(NC1=CC=CC=C1)NCCN(CCNC(NC2=CC=CC=C2)=S)CCNC(NC3=CC=CC=C3)=S,Cl,,,,,,Cl-/NO3-,POPC,ISE,NaCl,490,7.2,270,0.31,0.31,,32,2017,Dissecting the chloride–nitrate anion transport assay - Chemical Communications (RSC Publishing),S=C(NCCN(CCNC(=S)Nc1ccccc1)CCNC(=S)Nc1ccccc1)Nc1ccccc1,-0.5086383061657274,1,1,0,0,0,0,0,0,0,0,0,-0.5086383061657274
295,6,S=C(NCCCCC)NCCN(CCNC(NCCCCC)=S)CCNC(NCCCCC)=S,Cl,,,,,,Cl-/NO3-,POPC,ISE,NaCl,490,7.2,270,0.11,0.11,,32,2017,Dissecting the chloride–nitrate anion transport assay - Chemical Communications (RSC Publishing),CCCCCNC(=S)NCCN(CCNC(=S)NCCCCC)CCNC(=S)NCCCCC,-0.958607314841775,1,1,0,0,0,0,0,0,0,0,0,-0.958607314841775
290,1,O=C1C(NC2=CC=C(C(F)(F)F)C=C2)=C(NC3=CC=C(C(F)(F)F)C=C3)C1=O,Cl,,,,,,Cl-/NO3-,POPC,ISE,NaCl,490,7.2,270,0.06,0.06,,32,2017,Dissecting the chloride–nitrate anion transport assay - Chemical Communications (RSC Publishing),O=c1c(Nc2ccc(C(F)(F)F)cc2)c(Nc2ccc(C(F)(F)F)cc2)c1=O,-1.2218487496163564,1,0,0,1,0,0,0,0,0,0,0,-1.2218487496163564
276,8,O=C(C1=O)C(NC2=CC(C(F)(F)F)=CC(C(F)(F)F)=C2)=C1NCCN(CCNC3=C(NC4=CC(C(F)(F)F)=CC(C(F)(F)F)=C4)C(C3=O)=O)CCNC5=C(NC6=CC(C(F)(F)F)=CC(C(F)(F)F)=C6)C(C5=O)=O,Cl,1.0,2.0,2.0,DMSO,67,Cl-/NO3-,POPC,ISE,NaCl,489,7.2,270,,N,,29,2017,A synthetic ion transporter that disrupts autophagy and induces apoptosis by perturbing cellular chloride concentrations | Nature Chemistry,O=c1c(NCCN(CCNc2c(Nc3cc(C(F)(F)F)cc(C(F)(F)F)c3)c(=O)c2=O)CCNc2c(Nc3cc(C(F)(F)F)cc(C(F)(F)F)c3)c(=O)c2=O)c(Nc2cc(C(F)(F)F)cc(C(F)(F)F)c2)c1=O,,0,0,0,1,0,0,0,0,0,0,0,N
271,5,O=C1C(NC2=CC=C(C(F)(F)F)C=C2)=C(NC3=CC=CC=C3NC4=C(NC5=CC=C(C(F)(F)F)C=C5)C(C4=O)=O)C1=O,Cl,1.0,1.0,1.0,DMSO,4742,Cl-/NO3-,POPC,ISE,NaCl,489,7.2,270,0.085,0.085,1.22,29,2017,A synthetic ion transporter that disrupts autophagy and induces apoptosis by perturbing cellular chloride concentrations | Nature Chemistry,O=c1c(Nc2ccc(C(F)(F)F)cc2)c(Nc2ccccc2Nc2c(Nc3ccc(C(F)(F)F)cc3)c(=O)c2=O)c1=O,-1.0705810742857071,1,0,0,1,0,0,0,0,0,0,0,-1.0705810742857071
274,8,O=C(C1=O)C(NC2=CC(C(F)(F)F)=CC(C(F)(F)F)=C2)=C1NCCN(CCNC3=C(NC4=CC(C(F)(F)F)=CC(C(F)(F)F)=C4)C(C3=O)=O)CCNC5=C(NC6=CC(C(F)(F)F)=CC(C(F)(F)F)=C6)C(C5=O)=O,Cl,1.0,1.0,1.0,DMSO,1627,Cl-/NO3-,POPC,ISE,NaCl,489,7.2,270,,N,,29,2017,A synthetic ion transporter that disrupts autophagy and induces apoptosis by perturbing cellular chloride concentrations | Nature Chemistry,O=c1c(NCCN(CCNc2c(Nc3cc(C(F)(F)F)cc(C(F)(F)F)c3)c(=O)c2=O)CCNc2c(Nc3cc(C(F)(F)F)cc(C(F)(F)F)c3)c(=O)c2=O)c(Nc2cc(C(F)(F)F)cc(C(F)(F)F)c2)c1=O,,0,0,0,1,0,0,0,0,0,0,0,N
174,8,CC1=CC(C=C(CCCCC)N2)=C2C(/N=C/C3=C(C)C4=C(C=CC=C4)N3)=C1,Cl,1.0,1.0,1.0,DMSO,142,Cl-/NO3-,POPC,ISE,NaCl,489,7.2,270,,N,,14,2017,Weak transport ability where EC50 for Cl−/NO3 − by ISE is larger than 10 mol%,CCCCCc1cc2cc(C)cc(/N=C/c3[nH]c4ccccc4c3C)c2[nH]1,,0,0,0,0,1,0,0,0,1,0,0,N
170,4,CC1=CC(C=C(CCC)N2)=C2C(/N=C/C3=C(C)C=C(C)N3)=C1,Cl,1.0,1.0,1.0,DMSO,3440,Cl-/NO3-,POPC,ISE,NaCl,489,7.2,270,0.0111,0.0111,1.1,14,2017,Indole-based perenosins as highly potent HCl transporters and potential anti-cancer agents | Scientific Reports (nature.com),CCCc1cc2cc(C)cc(/N=C/c3[nH]c(C)cc3C)c2[nH]1,-1.9546770212133424,1,0,0,0,1,0,0,0,1,0,0,-1.9546770212133424
169,3,CC1=C(NC(C)=C1)/C=N/C2=CC(C(F)(F)F)=CC3=C2NC(CCCCC)=C3,Cl,1.0,1.0,1.0,DMSO,3440,Cl-/NO3-,POPC,ISE,NaCl,489,7.2,270,,N,,14,2017,EC50 not determined by ISE due to poor solubility,CCCCCc1cc2cc(C(F)(F)F)cc(/N=C/c3[nH]c(C)cc3C)c2[nH]1,,0,0,0,0,1,0,0,0,1,0,0,N
168,2,CC1=CC(C=C(CCCCC)N2)=C2C(/N=C/C3=C(C)C=C(C)N3)=C1,Cl,1.0,1.0,1.0,DMSO,2450,Cl-/NO3-,POPC,ISE,NaCl,489,7.2,270,0.0043,0.0043,1.3,14,2017,Indole-based perenosins as highly potent HCl transporters and potential anti-cancer agents | Scientific Reports (nature.com),CCCCCc1cc2cc(C)cc(/N=C/c3[nH]c(C)cc3C)c2[nH]1,-2.3665315444204134,1,0,0,0,1,0,0,0,1,0,0,-2.3665315444204134
167,1d,CC1=C(NC(C)=C1)/C=N/C2=CC(CCCCC)=CC3=C2NC=C3,Cl,1.0,1.0,1.0,DMSO,605,Cl-/NO3-,POPC,ISE,NaCl,489,7.2,270,0.122,0.122,1.2,14,2017,Indole-based perenosins as highly potent HCl transporters and potential anti-cancer agents | Scientific Reports (nature.com),CCCCCc1cc(/N=C/c2[nH]c(C)cc2C)c2[nH]ccc2c1,-0.9136401693252518,1,0,0,0,1,0,0,0,1,0,0,-0.9136401693252518
275,7,O=C(C1=O)C(NC2=CC=C(C(F)(F)F)C=C2)=C1NCCN(CCNC3=C(NC4=CC=C(C(F)(F)F)C=C4)C(C3=O)=O)CCNC5=C(NC6=CC=C(C(F)(F)F)C=C6)C(C5=O)=O,Cl,1.0,2.0,2.0,DMSO,19.6,Cl-/NO3-,POPC,ISE,NaCl,489,7.2,270,,N,,29,2017,A synthetic ion transporter that disrupts autophagy and induces apoptosis by perturbing cellular chloride concentrations | Nature Chemistry,O=c1c(NCCN(CCNc2c(Nc3ccc(C(F)(F)F)cc3)c(=O)c2=O)CCNc2c(Nc3ccc(C(F)(F)F)cc3)c(=O)c2=O)c(Nc2ccc(C(F)(F)F)cc2)c1=O,,0,0,0,1,0,0,0,0,0,0,0,N
269,3,O=C1C(NC2=CC=C(C(F)(F)F)C=C2)=C(NC3=CC=C(C(F)(F)F)C=C3)C1=O,Cl,1.0,1.0,1.0,DMSO,433,Cl-/NO3-,POPC,ISE,NaCl,489,7.2,270,0.062,0.062,1.22,29,2017,A synthetic ion transporter that disrupts autophagy and induces apoptosis by perturbing cellular chloride concentrations | Nature Chemistry,O=c1c(Nc2ccc(C(F)(F)F)cc2)c(Nc2ccc(C(F)(F)F)cc2)c1=O,-1.207608310501746,1,0,0,1,0,0,0,0,0,0,0,-1.207608310501746
173,7,CC1=C(NC2=C1C=CC=C2)/C=N/C3=CC(CCCCC)=CC4=C3NC=C4,Cl,1.0,1.0,1.0,DMSO,157,Cl-/NO3-,POPC,ISE,NaCl,489,7.2,270,,N,,14,2017,Weak transport ability where EC50 for Cl−/NO3 − by ISE is larger than 10 mol%,CCCCCc1cc(/N=C/c2[nH]c3ccccc3c2C)c2[nH]ccc2c1,,0,0,0,0,1,0,0,0,1,0,0,N
172,6,CC1=CC(C=C(CCCCC)N2)=C2C(/N=C/C3=C(C)C(CCCCC)=C(C)N3)=C1,Cl,1.0,1.0,1.0,DMSO,78300,Cl-/NO3-,POPC,ISE,NaCl,489,7.2,270,0.0852,0.0852,0.3,14,2017,Indole-based perenosins as highly potent HCl transporters and potential anti-cancer agents | Scientific Reports (nature.com),CCCCCc1cc2cc(C)cc(/N=C/c3[nH]c(C)c(CCCCC)c3C)c2[nH]1,-1.0695604052333,1,0,0,0,1,0,0,0,1,0,0,-1.0695604052333
272,6,O=C1C(NC2=CC(C(F)(F)F)=CC(C(F)(F)F)=C2)=C(NC3=CC=CC=C3NC4=C(NC5=CC(C(F)(F)F)=CC(C(F)(F)F)=C5)C(C4=O)=O)C1=O,Cl,1.0,1.0,1.0,DMSO,2259,Cl-/NO3-,POPC,ISE,NaCl,489,7.2,270,0.164,0.164,0.7,29,2017,A synthetic ion transporter that disrupts autophagy and induces apoptosis by perturbing cellular chloride concentrations | Nature Chemistry,O=c1c(Nc2cc(C(F)(F)F)cc(C(F)(F)F)c2)c(Nc2ccccc2Nc2c(Nc3cc(C(F)(F)F)cc(C(F)(F)F)c3)c(=O)c2=O)c1=O,-0.7851561519523022,1,0,0,1,0,0,0,0,0,0,0,-0.7851561519523022
270,4,O=C1C(NC2=CC=C(C(F)(F)F)C=C2)=C(NCCCCCC)C1=O,Cl,1.0,1.0,1.0,DMSO,729,Cl-/NO3-,POPC,ISE,NaCl,489,7.2,270,0.209,0.209,2.0,29,2017,A synthetic ion transporter that disrupts autophagy and induces apoptosis by perturbing cellular chloride concentrations | Nature Chemistry,CCCCCCNc1c(Nc2ccc(C(F)(F)F)cc2)c(=O)c1=O,-0.679853713888946,1,0,0,1,0,0,0,0,0,0,0,-0.679853713888946
273,7,O=C(C1=O)C(NC2=CC=C(C(F)(F)F)C=C2)=C1NCCN(CCNC3=C(NC4=CC=C(C(F)(F)F)C=C4)C(C3=O)=O)CCNC5=C(NC6=CC=C(C(F)(F)F)C=C6)C(C5=O)=O,Cl,1.0,1.0,1.0,DMSO,8021,Cl-/NO3-,POPC,ISE,NaCl,489,7.2,270,,N,,29,2017,A synthetic ion transporter that disrupts autophagy and induces apoptosis by perturbing cellular chloride concentrations | Nature Chemistry,O=c1c(NCCN(CCNc2c(Nc3ccc(C(F)(F)F)cc3)c(=O)c2=O)CCNc2c(Nc3ccc(C(F)(F)F)cc3)c(=O)c2=O)c(Nc2ccc(C(F)(F)F)cc2)c1=O,,0,0,0,1,0,0,0,0,0,0,0,N
268,7ON,O=C(NC1=CC=C([N+]([O-])=O)C=C1)NC2=C(C=C(C(NC(NC3=CC=C([N+]([O-])=O)C=C3)=O)=CC=C4)C4=C5)C5=CC=C2,Cl,1.0,1.0,1.0,DMSO,2600,Cl-/NO3-,POPC,ISE,NaCl,225,7.2,270,0.0003,0.0003,1.05,28,2018,Anthracene Bisureas as Powerful and Accessible Anion Carriers - Dias - 2018 - Chemistry &#8211; A European Journal - Wiley Online Library,O=C(Nc1ccc([N+](=O)[O-])cc1)Nc1cccc2cc3cccc(NC(=O)Nc4ccc([N+](=O)[O-])cc4)c3cc12,-3.5228787452803374,1,0,1,0,0,0,0,0,0,0,0,-3.5228787452803374
267,14,ClC(C=C1NC(C(C)(C)C)=O)=CC2=C1NC3=C2C=C(Cl)C=C3NC(C(C)(C)C)=O,Cl,1.0,1.0,1.0,DMSO,56,Cl-/NO3-,POPC,ISE,NaCl,489,7.2,300,0.0195,0.0195,1.257,27,2018,"1,8-Diamidocarbazoles: an easily tuneable family of fluorescent anion sensors and transporters - Organic & Biomolecular Chemistry (RSC Publishing)",CC(C)(C)C(=O)Nc1cc(Cl)cc2c1[nH]c1c(NC(=O)C(C)(C)C)cc(Cl)cc12,-1.709965388637482,1,0,0,0,1,0,1,0,0,0,0,-1.709965388637482
266,11,ClC(C=C1NC(CC(C)C)=O)=CC2=C1NC3=C2C=C(Cl)C=C3NC(CC(C)C)=O,Cl,1.0,1.0,1.0,DMSO,123,Cl-/NO3-,POPC,ISE,NaCl,489,7.2,300,0.0367,0.0367,0.725,27,2018,"1,8-Diamidocarbazoles: an easily tuneable family of fluorescent anion sensors and transporters - Organic & Biomolecular Chemistry (RSC Publishing)",CC(C)CC(=O)Nc1cc(Cl)cc2c1[nH]c1c(NC(=O)CC(C)C)cc(Cl)cc12,-1.435333935747911,1,0,0,0,1,0,1,0,0,0,0,-1.435333935747911
277,1,O=C1C(NCCCCNC2=CC=C(C(N3CCCC)=O)C4=C2C=CC=C4C3=O)=C(NC5=CC(C(F)(F)F)=CC(C(F)(F)F)=C5)C1=O,Cl,1.0,1.0,1.0,DMSO,520,Cl-/NO3-,POPC,ISE,NaCl,489,7.2,270,0.15,0.15,0.9,30,2018,Fluorescent squaramides as anion receptors and transmembrane anion transporters (core.ac.uk),CCCCN1C(=O)c2cccc3c(NCCCCNc4c(Nc5cc(C(F)(F)F)cc(C(F)(F)F)c5)c(=O)c4=O)ccc(c23)C1=O,-0.8239087409443188,1,0,0,1,0,0,0,0,0,0,0,-0.8239087409443188
278,2,O=C1C(NCCCCNC2=CC=C(C(N3CCCC)=O)C4=C2C=CC=C4C3=O)=C(NC5=CC=C(C(F)(F)F)C=C5)C1=O,Cl,1.0,1.0,1.0,DMSO,240,Cl-/NO3-,POPC,ISE,NaCl,489,7.2,270,0.63,0.63,0.8,30,2018,Fluorescent squaramides as anion receptors and transmembrane anion transporters (core.ac.uk),CCCCN1C(=O)c2cccc3c(NCCCCNc4c(Nc5ccc(C(F)(F)F)cc5)c(=O)c4=O)ccc(c23)C1=O,-0.2006594505464183,1,0,0,1,0,0,0,0,0,0,0,-0.2006594505464183
279,3,O=C1C(NCCCCNC2=CC=C(C(N3CCCC)=O)C4=C2C=CC=C4C3=O)C(NC5=CC=C([N+]([O-])=O)C=C5)C1=O,Cl,1.0,1.0,1.0,DMSO,290,Cl-/NO3-,POPC,ISE,NaCl,489,7.2,270,0.26,0.26,1.0,30,2018,Fluorescent squaramides as anion receptors and transmembrane anion transporters (core.ac.uk),CCCCN1C(=O)c2cccc3c(NCCCCNC4C(=O)C(=O)C4Nc4ccc([N+](=O)[O-])cc4)ccc(c23)C1=O,-0.585026652029182,1,0,0,1,0,0,0,0,0,0,0,-0.585026652029182
280,4,O=C1C(NCCCCNC2=CC=C(C(N3CCCC)=O)C4=C2C=CC=C4C3=O)C(NC5=CC=CC=C5)C1=O,Cl,1.0,1.0,1.0,DMSO,160,Cl-/NO3-,POPC,ISE,NaCl,489,7.2,270,2.07,2.07,0.9,30,2018,Fluorescent squaramides as anion receptors and transmembrane anion transporters (core.ac.uk),CCCCN1C(=O)c2cccc3c(NCCCCNC4C(=O)C(=O)C4Nc4ccccc4)ccc(c23)C1=O,0.3159703454569177,0,0,0,1,0,0,0,0,0,0,0,0.3159703454569177
260,L3,O=C(NC1=CC=C(Cl)C=C1)C2=CC(C(NC3=CC=C(Cl)C=C3)=O)=CC=C2,Cl,1.0,1.0,1.0,DMSO,26,Cl-/NO3-,POPC,ISE,NaCl,489,7.2,300,0.158,0.158,1.2,26,2019,Full article: Simple isophthalamides/dipicolineamides as active transmembrane anion transporters (tandfonline.com),O=C(Nc1ccc(Cl)cc1)c1cccc(C(=O)Nc2ccc(Cl)cc2)c1,-0.8013429130455774,1,0,0,0,0,0,0,0,0,0,1,-0.8013429130455774
259,L2,O=C(NC1=CC=C(C(C)(C)C)C=C1)C2=CC(C(NC3=CC=C(C(C)(C)C)C=C3)=O)=CC=C2,Cl,1.0,1.0,1.0,DMSO,14.5,Cl-/NO3-,POPC,ISE,NaCl,489,7.2,300,,N,,26,2019,Full article: Simple isophthalamides/dipicolineamides as active transmembrane anion transporters (tandfonline.com),CC(C)(C)c1ccc(NC(=O)c2cccc(C(=O)Nc3ccc(C(C)(C)C)cc3)c2)cc1,,0,0,0,0,0,0,0,0,0,0,1,N
261,L4,O=C(NC1=CC(C(F)(F)F)=CC(C(F)(F)F)=C1)C2=CC(C(NC3=CC(C(F)(F)F)=CC(C(F)(F)F)=C3)=O)=CC=C2,Cl,1.0,1.0,1.0,DMSO,36.2,Cl-/NO3-,POPC,ISE,NaCl,489,7.2,300,0.03,0.03,0.49,26,2019,Full article: Simple isophthalamides/dipicolineamides as active transmembrane anion transporters (tandfonline.com),O=C(Nc1cc(C(F)(F)F)cc(C(F)(F)F)c1)c1cccc(C(=O)Nc2cc(C(F)(F)F)cc(C(F)(F)F)c2)c1,-1.5228787452803376,1,0,0,0,0,0,0,0,0,0,1,-1.5228787452803376
262,L5,O=C(NC1=CC=C(C(F)(F)F)C=C1)C2=CC(C(NC3=CC=C(C(F)(F)F)C=C3)=O)=CC=C2,Cl,1.0,1.0,1.0,DMSO,30.3,Cl-/NO3-,POPC,ISE,NaCl,489,7.2,300,0.064,0.064,1.5,26,2019,Full article: Simple isophthalamides/dipicolineamides as active transmembrane anion transporters (tandfonline.com),O=C(Nc1ccc(C(F)(F)F)cc1)c1cccc(C(=O)Nc2ccc(C(F)(F)F)cc2)c1,-1.193820026016113,1,0,0,0,0,0,0,0,0,0,1,-1.193820026016113
263,L6,O=C(NC1=CC=C(S(F)(F)(F)(F)F)C=C1)C2=CC(C(NC3=CC=C(S(F)(F)(F)(F)F)C=C3)=O)=CC=C2,Cl,1.0,1.0,1.0,DMSO,28,Cl-/NO3-,POPC,ISE,NaCl,489,7.2,300,0.044,0.044,0.96,26,2019,Full article: Simple isophthalamides/dipicolineamides as active transmembrane anion transporters (tandfonline.com),O=C(Nc1ccc(S(F)(F)(F)(F)F)cc1)c1cccc(C(=O)Nc2ccc(S(F)(F)(F)(F)F)cc2)c1,-1.3565473235138126,1,0,0,0,0,0,0,0,0,0,1,-1.3565473235138126
264,L7,O=C(NC1=C(F)C(F)=C(F)C(F)=C1F)C2=CC(C(NC3=C(F)C(F)=C(F)C(F)=C3F)=O)=CC=C2,Cl,1.0,1.0,1.0,DMSO,22,Cl-/NO3-,POPC,ISE,NaCl,489,7.2,300,0.61,0.61,2.2,26,2019,Full article: Simple isophthalamides/dipicolineamides as active transmembrane anion transporters (tandfonline.com),O=C(Nc1c(F)c(F)c(F)c(F)c1F)c1cccc(C(=O)Nc2c(F)c(F)c(F)c(F)c2F)c1,-0.2146701649892329,1,0,0,0,0,0,0,0,0,0,1,-0.2146701649892329
258,L1,O=C(NC1=CC=C(C)C=C1)C2=CC(C(NC3=CC=C(C)C=C3)=O)=CC=C2,Cl,1.0,1.0,1.0,DMSO,10.2,Cl-/NO3-,POPC,ISE,NaCl,489,7.2,300,,N,,26,2019,The lipid concentration per sample was 0.5 mM from SI,Cc1ccc(NC(=O)c2cccc(C(=O)Nc3ccc(C)cc3)c2)cc1,,0,0,0,0,0,0,0,0,0,0,1,N
265,L8,O=C(NC1=C(F)C(F)=C(F)C(F)=C1F)C2=NC(C(NC3=C(F)C(F)=C(F)C(F)=C3F)=O)=CC=C2,Cl,1.0,1.0,1.0,DMSO,47,Cl-/NO3-,POPC,ISE,NaCl,489,7.2,300,0.44,0.44,1.9,26,2019,Full article: Simple isophthalamides/dipicolineamides as active transmembrane anion transporters (tandfonline.com),O=C(Nc1c(F)c(F)c(F)c(F)c1F)c1cccc(C(=O)Nc2c(F)c(F)c(F)c(F)c2F)n1,-0.3565473235138126,1,0,0,0,0,0,0,0,0,0,1,-0.3565473235138126
151,2,O=C(NCC1=CC=CS1)NC2=C(NC(NCC3=CC=CS3)=O)C=C(F)C(F)=C2,Cl,1.0,1.0,1.0,DMSO,33.77,Cl-/NO3-,POPC,ISE,NaCl,487,7.2,270,,N,,13,2020,EC50not determined duetothe low transport activity.,O=C(NCc1cccs1)Nc1cc(F)c(F)cc1NC(=O)NCc1cccs1,,0,0,1,0,0,0,0,0,0,0,0,N
152,3,O=C(NC1=CC=CS1)NC2=C(NC(NC3=CC=CS3)=O)C=CC=C2,Cl,1.0,1.0,1.0,DMSO,31.7,Cl-/NO3-,POPC,ISE,NaCl,487,7.2,270,,N,,13,2020,EC50not determined duetothe low transport activity.,O=C(Nc1cccs1)Nc1ccccc1NC(=O)Nc1cccs1,,0,0,1,0,0,0,0,0,0,0,0,N
145,1,C1(C2=NC(C=CC=C3)=C3N2)=CC=CC(C4=NC5=C(C=CC=C5)N4)=N1,Cl,1.0,1.0,1.0,DMSO,92,Cl-/NO3-,POPC,ISE,KCl,489,7.2,270,,N,,12,2020,Stimuli‐Responsive Cycloaurated “OFF‐ON” Switchable Anion Transporters - Fares - 2020 - Angewandte Chemie International Edition - Wiley Online Library,c1cc(-c2nc3ccccc3[nH]2)nc(-c2nc3ccccc3[nH]2)c1,,0,0,0,0,0,0,0,0,0,1,0,N
146,2,FC(C(C=C1)=CC2=C1NC(C3=CC=CC(C4=NC5=C(C=CC(C(F)(F)F)=C5)N4)=N3)=N2)(F)F,Cl,1.0,1.0,1.0,DMSO,77,Cl-/NO3-,POPC,ISE,KCl,489,7.2,270,0.42,0.42,,12,2020,Stimuli‐Responsive Cycloaurated “OFF‐ON” Switchable Anion Transporters - Fares - 2020 - Angewandte Chemie International Edition - Wiley Online Library,FC(F)(F)c1ccc2[nH]c(-c3cccc(-c4nc5cc(C(F)(F)F)ccc5[nH]4)n3)nc2c1,-0.3767507096020995,1,0,0,0,0,0,0,0,0,1,0,-0.3767507096020995
147,3,FC(C1=CC(C(F)(F)F)=CC(N2)=C1N=C2C3=CC=CC(C4=NC5=C(C=C(C(F)(F)F)C=C5C(F)(F)F)N4)=N3)(F)F,Cl,1.0,1.0,1.0,DMSO,130,Cl-/NO3-,POPC,ISE,KCl,489,7.2,270,0.49,0.49,,12,2020,Stimuli‐Responsive Cycloaurated “OFF‐ON” Switchable Anion Transporters - Fares - 2020 - Angewandte Chemie International Edition - Wiley Online Library,FC(F)(F)c1cc(C(F)(F)F)c2nc(-c3cccc(-c4nc5c(C(F)(F)F)cc(C(F)(F)F)cc5[nH]4)n3)[nH]c2c1,-0.3098039199714863,1,0,0,0,0,0,0,0,0,1,0,-0.3098039199714863
148,4,FC(C(F)=C1)=CC2=C1NC(C3=CC=CC(C4=NC5=C(C=C(F)C(F)=C5)N4)=N3)=N2,Cl,1.0,1.0,1.0,DMSO,63,Cl-/NO3-,POPC,ISE,KCl,489,7.2,270,0.58,0.58,,12,2020,Stimuli‐Responsive Cycloaurated “OFF‐ON” Switchable Anion Transporters - Fares - 2020 - Angewandte Chemie International Edition - Wiley Online Library,Fc1cc2nc(-c3cccc(-c4nc5cc(F)c(F)cc5[nH]4)n3)[nH]c2cc1F,-0.2365720064370627,1,0,0,0,0,0,0,0,0,1,0,-0.2365720064370627
149,5,O=[N+](C(C=C1)=CC2=C1NC(C3=CC=CC(C4=NC5=C(C=CC([N+]([O-])=O)=C5)N4)=N3)=N2)[O-],Cl,1.0,1.0,1.0,DMSO,,Cl-/NO3-,POPC,ISE,KCl,489,7.2,270,,N,,12,2020,5 was omitted from this study due to its low solubility,O=[N+]([O-])c1ccc2[nH]c(-c3cccc(-c4nc5cc([N+](=O)[O-])ccc5[nH]4)n3)nc2c1,,0,0,0,0,0,0,0,0,0,1,0,N
150,1,O=C(NCC1=CC=CS1)NC2=C(NC(NCC3=CC=CS3)=O)C=CC=C2,Cl,1.0,1.0,1.0,DMSO,31.84,Cl-/NO3-,POPC,ISE,NaCl,487,7.2,270,,N,,13,2020,EC50not determined duetothe low transport activity.,O=C(NCc1cccs1)Nc1ccccc1NC(=O)NCc1cccs1,,0,0,1,0,0,0,0,0,0,0,0,N
153,4,O=C(NC1=CC=CS1)NC2=C(NC(NC3=CC=CS3)=O)C=C(F)C(F)=C2,Cl,1.0,1.0,1.0,DMSO,44.06,Cl-/NO3-,POPC,ISE,NaCl,487,7.2,270,0.3875,0.3875,,13,2020,"Development of a Library of Thiophene‐Based Drug‐Like Lego Molecules: Evaluation of Their Anion Binding, Transport Properties, and Cytotoxicity - Vieira - 2020 - Chemistry &#8211; A European Journal - Wiley Online Library",O=C(Nc1cccs1)Nc1cc(F)c(F)cc1NC(=O)Nc1cccs1,-0.4117282931576709,1,0,1,0,0,0,0,0,0,0,0,-0.4117282931576709
154,5,O=C(NC1=CC=CS1)NC2=C(NC(NC3=CC=CS3)=O)C=C(C(F)(F)F)C=C2,Cl,1.0,1.0,1.0,DMSO,44.56,Cl-/NO3-,POPC,ISE,NaCl,487,7.2,270,0.3604,0.3604,,13,2020,"Development of a Library of Thiophene‐Based Drug‐Like Lego Molecules: Evaluation of Their Anion Binding, Transport Properties, and Cytotoxicity - Vieira - 2020 - Chemistry &#8211; A European Journal - Wiley Online Library",O=C(Nc1cccs1)Nc1ccc(C(F)(F)F)cc1NC(=O)Nc1cccs1,-0.4432152176929746,1,0,1,0,0,0,0,0,0,0,0,-0.4432152176929746
155,6,O=C(NC1=CSC=C1)NC2=C(NC(NC3=CSC=C3)=O)C=CC=C2,Cl,1.0,1.0,1.0,DMSO,35.16,Cl-/NO3-,POPC,ISE,NaCl,487,7.2,270,,N,,13,2020,EC50not determined duetothe low transport activity.,O=C(Nc1ccsc1)Nc1ccccc1NC(=O)Nc1ccsc1,,0,0,1,0,0,0,0,0,0,0,0,N
156,7,O=C(NC1=CSC=C1)NC2=C(NC(NC3=CSC=C3)=O)C=C(F)C(F)=C2,Cl,1.0,1.0,1.0,DMSO,67.61,Cl-/NO3-,POPC,ISE,NaCl,487,7.2,270,0.3131,0.3131,,13,2020,"Development of a Library of Thiophene‐Based Drug‐Like Lego Molecules: Evaluation of Their Anion Binding, Transport Properties, and Cytotoxicity - Vieira - 2020 - Chemistry &#8211; A European Journal - Wiley Online Library",O=C(Nc1ccsc1)Nc1cc(F)c(F)cc1NC(=O)Nc1ccsc1,-0.5043169323830847,1,0,1,0,0,0,0,0,0,0,0,-0.5043169323830847
157,8,O=C(NC1=CC2=C(C=CC=C2)S1)NC3=C(NC(NC4=CC(C=CC=C5)=C5S4)=O)C=CC=C3,Cl,1.0,1.0,1.0,DMSO,41.02,Cl-/NO3-,POPC,ISE,NaCl,487,7.2,270,,N,,13,2020,EC50not determined duetothe low transport activity.,O=C(Nc1cc2ccccc2s1)Nc1ccccc1NC(=O)Nc1cc2ccccc2s1,,0,0,1,0,0,0,0,0,0,0,0,N
159,10,O=C(NC1=CC2=C(C=CC(C(F)(F)F)=C2)S1)NC3=C(NC(NC4=CC(C=C(C(F)(F)F)C=C5)=C5S4)=O)C=CC=C3,Cl,1.0,1.0,1.0,DMSO,57.41,Cl-/NO3-,POPC,ISE,NaCl,487,7.2,270,,N,,13,2020,EC50not determined duetothe low transport activity.,O=C(Nc1cc2cc(C(F)(F)F)ccc2s1)Nc1ccccc1NC(=O)Nc1cc2cc(C(F)(F)F)ccc2s1,,0,0,1,0,0,0,0,0,0,0,0,N
158,9,O=C(NC1=CC2=C(C=CC=C2)S1)NC3=C(NC(NC4=CC(C=CC=C5)=C5S4)=O)C=C(F)C(F)=C3,Cl,1.0,1.0,1.0,DMSO,47.53,Cl-/NO3-,POPC,ISE,NaCl,487,7.2,270,0.6827,0.6827,,13,2020,"Development of a Library of Thiophene‐Based Drug‐Like Lego Molecules: Evaluation of Their Anion Binding, Transport Properties, and Cytotoxicity - Vieira - 2020 - Chemistry &#8211; A European Journal - Wiley Online Library",O=C(Nc1cc2ccccc2s1)Nc1cc(F)c(F)cc1NC(=O)Nc1cc2ccccc2s1,-0.1657700971483226,1,0,1,0,0,0,0,0,0,0,0,-0.1657700971483226
161,12,O=C(NC1=CC2=C(C=CC=C2C(F)(F)F)S1)NC3=C(NC(NC4=CC(C(C(F)(F)F)=CC=C5)=C5S4)=O)C=CC=C3,Cl,1.0,1.0,1.0,DMSO,66.07,Cl-/NO3-,POPC,ISE,NaCl,487,7.2,270,,N,,13,2020,EC50not determined duetothe low transport activity.,O=C(Nc1cc2c(C(F)(F)F)cccc2s1)Nc1ccccc1NC(=O)Nc1cc2c(C(F)(F)F)cccc2s1,,0,0,1,0,0,0,0,0,0,0,0,N
162,13,O=C(NC1=CC2=C(C=CC=C2C(F)(F)F)S1)NC3=C(NC(NC4=CC(C(C(F)(F)F)=CC=C5)=C5S4)=O)C=C(F)C(F)=C3,Cl,1.0,1.0,1.0,DMSO,74.13,Cl-/NO3-,POPC,ISE,NaCl,487,7.2,270,,N,,13,2020,EC50not determined duetothe low transport activity.,O=C(Nc1cc2c(C(F)(F)F)cccc2s1)Nc1cc(F)c(F)cc1NC(=O)Nc1cc2c(C(F)(F)F)cccc2s1,,0,0,1,0,0,0,0,0,0,0,0,N
163,14,O=C(NC1=CSC2=C1C=CC=C2)NC3=C(NC(NC4=CSC5=C4C=CC=C5)=O)C=CC=C3,Cl,1.0,1.0,1.0,DMSO,114.29,Cl-/NO3-,POPC,ISE,NaCl,487,7.2,270,0.1722,0.1722,,13,2020,"Development of a Library of Thiophene‐Based Drug‐Like Lego Molecules: Evaluation of Their Anion Binding, Transport Properties, and Cytotoxicity - Vieira - 2020 - Chemistry &#8211; A European Journal - Wiley Online Library",O=C(Nc1ccccc1NC(=O)Nc1csc2ccccc12)Nc1csc2ccccc12,-0.7639668528823641,1,0,1,0,0,0,0,0,0,0,0,-0.7639668528823641
164,15,O=C(NC1=CSC2=C1C=CC=C2)NC3=C(NC(NC4=CSC5=C4C=CC=C5)=O)C=C(F)C(F)=C3,Cl,1.0,1.0,1.0,DMSO,163.68,Cl-/NO3-,POPC,ISE,NaCl,487,7.2,270,0.0089,0.0089,,13,2020,"Development of a Library of Thiophene‐Based Drug‐Like Lego Molecules: Evaluation of Their Anion Binding, Transport Properties, and Cytotoxicity - Vieira - 2020 - Chemistry &#8211; A European Journal - Wiley Online Library",O=C(Nc1cc(F)c(F)cc1NC(=O)Nc1csc2ccccc12)Nc1csc2ccccc12,-2.050609993355087,1,0,1,0,0,0,0,0,0,0,0,-2.050609993355087
165,16,O=C(NC1=CC=CC2=C1C=CS2)NC3=C(NC(NC4=CC=CC5=C4C=CS5)=O)C=CC=C3,Cl,1.0,1.0,1.0,DMSO,139.96,Cl-/NO3-,POPC,ISE,NaCl,487,7.2,270,,N,,13,2020,EC50not determined duetothe low transport activity.,O=C(Nc1ccccc1NC(=O)Nc1cccc2sccc12)Nc1cccc2sccc12,,0,0,1,0,0,0,0,0,0,0,0,N
166,17,O=C(NC1=CC=CC2=C1C=CS2)NC3=C(NC(NC4=CC=CC5=C4C=CS5)=O)C=C(F)C(F)=C3,Cl,1.0,1.0,1.0,DMSO,207.49,Cl-/NO3-,POPC,ISE,NaCl,487,7.2,270,0.0194,0.0194,,13,2020,"Development of a Library of Thiophene‐Based Drug‐Like Lego Molecules: Evaluation of Their Anion Binding, Transport Properties, and Cytotoxicity - Vieira - 2020 - Chemistry &#8211; A European Journal - Wiley Online Library",O=C(Nc1cc(F)c(F)cc1NC(=O)Nc1cccc2sccc12)Nc1cccc2sccc12,-1.712198270069774,1,0,1,0,0,0,0,0,0,0,0,-1.712198270069774
160,11,O=C(NC1=CC2=C(C=CC(C(F)(F)F)=C2)S1)NC3=C(NC(NC4=CC(C=C(C(F)(F)F)C=C5)=C5S4)=O)C=C(F)C(F)=C3,Cl,1.0,1.0,1.0,DMSO,70.79,Cl-/NO3-,POPC,ISE,NaCl,487,7.2,270,0.4379,0.4379,,13,2020,"Development of a Library of Thiophene‐Based Drug‐Like Lego Molecules: Evaluation of Their Anion Binding, Transport Properties, and Cytotoxicity - Vieira - 2020 - Chemistry &#8211; A European Journal - Wiley Online Library",O=C(Nc1cc2cc(C(F)(F)F)ccc2s1)Nc1cc(F)c(F)cc1NC(=O)Nc1cc2cc(C(F)(F)F)ccc2s1,-0.3586250548078745,1,0,1,0,0,0,0,0,0,0,0,-0.3586250548078745
